timestamp,beats per minute
2024-01-18T00:48:28Z,32.0
2024-01-18T00:48:33Z,81.0
2024-01-18T00:48:38Z,79.0
2024-01-18T00:48:43Z,78.0
2024-01-18T00:48:48Z,79.0
2024-01-18T00:49:03Z,79.0
2024-01-18T00:49:08Z,77.0
2024-01-18T00:49:13Z,75.0
2024-01-18T00:49:18Z,73.0
2024-01-18T00:49:23Z,70.0
2024-01-18T00:49:28Z,69.0
2024-01-18T00:49:38Z,70.0
2024-01-18T00:49:43Z,71.0
2024-01-18T00:49:53Z,72.0
2024-01-18T00:49:58Z,71.0
2024-01-18T00:50:03Z,71.0
2024-01-18T00:50:08Z,69.0
2024-01-18T00:50:13Z,68.0
2024-01-18T00:50:23Z,73.0
2024-01-18T00:50:28Z,81.0
2024-01-18T00:50:33Z,85.0
2024-01-18T00:50:38Z,75.0
2024-01-18T00:50:43Z,73.0
2024-01-18T00:50:48Z,71.0
2024-01-18T00:50:53Z,72.0
2024-01-18T00:51:03Z,73.0
2024-01-18T00:51:08Z,74.0
2024-01-18T00:51:13Z,73.0
2024-01-18T00:51:18Z,72.0
2024-01-18T00:51:23Z,73.0
2024-01-18T00:51:28Z,79.0
2024-01-18T00:51:33Z,83.0
2024-01-18T00:51:38Z,84.0
2024-01-18T00:51:43Z,82.0
2024-01-18T00:51:48Z,83.0
2024-01-18T00:51:53Z,80.0
2024-01-18T00:51:58Z,79.0
2024-01-18T00:52:03Z,82.0
2024-01-18T00:52:08Z,83.0
2024-01-18T00:52:13Z,81.0
2024-01-18T00:52:18Z,77.0
2024-01-18T00:52:23Z,76.0
2024-01-18T00:52:33Z,77.0
2024-01-18T00:52:38Z,80.0
2024-01-18T00:52:48Z,78.0
2024-01-18T00:52:58Z,79.0
2024-01-18T00:53:09Z,80.0
2024-01-18T00:53:19Z,83.0
2024-01-18T00:53:24Z,89.0
2024-01-18T00:53:31Z,89.0
2024-01-18T00:53:41Z,90.0
2024-01-18T00:53:51Z,92.0
2024-01-18T00:53:56Z,90.0
2024-01-18T00:54:01Z,88.0
2024-01-18T00:54:06Z,86.0
2024-01-18T00:54:11Z,84.0
2024-01-18T00:54:16Z,81.0
2024-01-18T00:54:21Z,78.0
2024-01-18T00:54:26Z,82.0
2024-01-18T00:54:31Z,83.0
2024-01-18T00:54:36Z,82.0
2024-01-18T00:54:41Z,80.0
2024-01-18T00:54:46Z,78.0
2024-01-18T00:54:51Z,77.0
2024-01-18T00:54:56Z,76.0
2024-01-18T00:55:06Z,78.0
2024-01-18T00:55:11Z,80.0
2024-01-18T00:55:16Z,83.0
2024-01-18T00:55:21Z,82.0
2024-01-18T00:55:31Z,81.0
2024-01-18T00:55:46Z,80.0
2024-01-18T00:55:51Z,79.0
2024-01-18T00:56:01Z,80.0
2024-01-18T00:56:11Z,78.0
2024-01-18T00:56:21Z,79.0
2024-01-18T00:56:26Z,78.0
2024-01-18T00:56:31Z,77.0
2024-01-18T00:56:36Z,78.0
2024-01-18T00:56:41Z,80.0
2024-01-18T00:56:46Z,78.0
2024-01-18T00:56:51Z,79.0
2024-01-18T00:57:06Z,81.0
2024-01-18T00:57:11Z,85.0
2024-01-18T00:57:16Z,88.0
2024-01-18T00:57:21Z,87.0
2024-01-18T00:57:26Z,85.0
2024-01-18T00:57:31Z,83.0
2024-01-18T00:57:36Z,80.0
2024-01-18T00:57:51Z,82.0
2024-01-18T00:58:01Z,79.0
2024-01-18T00:58:06Z,82.0
2024-01-18T00:58:11Z,89.0
2024-01-18T00:58:21Z,84.0
2024-01-18T00:58:26Z,82.0
2024-01-18T00:58:31Z,83.0
2024-01-18T00:58:36Z,88.0
2024-01-18T00:58:41Z,89.0
2024-01-18T00:58:47Z,89.0
2024-01-18T00:58:57Z,86.0
2024-01-18T00:59:02Z,87.0
2024-01-18T00:59:07Z,89.0
2024-01-18T00:59:12Z,87.0
2024-01-18T00:59:17Z,92.0
2024-01-18T00:59:22Z,91.0
2024-01-18T00:59:27Z,92.0
2024-01-18T00:59:32Z,90.0
2024-01-18T00:59:37Z,88.0
2024-01-18T00:59:42Z,89.0
2024-01-18T00:59:47Z,90.0
2024-01-18T00:59:52Z,95.0
2024-01-18T00:59:57Z,101.0
2024-01-18T01:00:02Z,96.0
2024-01-18T01:00:07Z,94.0
2024-01-18T01:00:12Z,97.0
2024-01-18T01:00:18Z,95.0
2024-01-18T01:00:23Z,90.0
2024-01-18T01:00:28Z,89.0
2024-01-18T01:00:43Z,88.0
2024-01-18T01:00:48Z,85.0
2024-01-18T01:00:58Z,81.0
2024-01-18T01:01:03Z,78.0
2024-01-18T01:01:13Z,74.0
2024-01-18T01:01:18Z,73.0
2024-01-18T01:01:23Z,72.0
2024-01-18T01:01:28Z,73.0
2024-01-18T01:01:33Z,72.0
2024-01-18T01:01:38Z,71.0
2024-01-18T01:01:43Z,69.0
2024-01-18T01:01:48Z,67.0
2024-01-18T01:01:53Z,65.0
2024-01-18T01:02:03Z,66.0
2024-01-18T01:02:08Z,67.0
2024-01-18T01:02:13Z,68.0
2024-01-18T01:02:28Z,69.0
2024-01-18T01:02:43Z,70.0
2024-01-18T01:02:48Z,72.0
2024-01-18T01:02:53Z,71.0
2024-01-18T01:02:58Z,70.0
2024-01-18T01:03:03Z,68.0
2024-01-18T01:03:08Z,67.0
2024-01-18T01:03:18Z,66.0
2024-01-18T01:03:23Z,65.0
2024-01-18T01:03:33Z,68.0
2024-01-18T01:03:38Z,72.0
2024-01-18T01:03:53Z,75.0
2024-01-18T01:03:58Z,74.0
2024-01-18T01:04:03Z,73.0
2024-01-18T01:04:08Z,71.0
2024-01-18T01:04:13Z,68.0
2024-01-18T01:04:18Z,66.0
2024-01-18T01:04:23Z,65.0
2024-01-18T01:04:38Z,66.0
2024-01-18T01:04:53Z,67.0
2024-01-18T01:05:03Z,66.0
2024-01-18T01:05:13Z,67.0
2024-01-18T01:05:18Z,68.0
2024-01-18T01:05:23Z,66.0
2024-01-18T01:05:38Z,65.0
2024-01-18T01:05:53Z,65.0
2024-01-18T01:06:03Z,67.0
2024-01-18T01:06:08Z,68.0
2024-01-18T01:06:13Z,69.0
2024-01-18T01:06:23Z,74.0
2024-01-18T01:06:28Z,77.0
2024-01-18T01:06:33Z,79.0
2024-01-18T01:06:38Z,82.0
2024-01-18T01:06:43Z,83.0
2024-01-18T01:06:48Z,82.0
2024-01-18T01:06:53Z,82.0
2024-01-18T01:07:03Z,85.0
2024-01-18T01:07:08Z,84.0
2024-01-18T01:07:18Z,83.0
2024-01-18T01:07:23Z,84.0
2024-01-18T01:07:28Z,86.0
2024-01-18T01:07:33Z,84.0
2024-01-18T01:07:43Z,83.0
2024-01-18T01:07:48Z,81.0
2024-01-18T01:07:53Z,82.0
2024-01-18T01:08:03Z,83.0
2024-01-18T01:08:08Z,80.0
2024-01-18T01:08:13Z,82.0
2024-01-18T01:08:23Z,85.0
2024-01-18T01:08:28Z,84.0
2024-01-18T01:08:33Z,80.0
2024-01-18T01:08:43Z,78.0
2024-01-18T01:08:48Z,77.0
2024-01-18T01:08:53Z,76.0
2024-01-18T01:09:03Z,78.0
2024-01-18T01:09:08Z,76.0
2024-01-18T01:09:13Z,72.0
2024-01-18T01:09:18Z,70.0
2024-01-18T01:09:28Z,71.0
2024-01-18T01:09:38Z,70.0
2024-01-18T01:09:43Z,69.0
2024-01-18T01:09:58Z,68.0
2024-01-18T01:10:03Z,69.0
2024-01-18T01:10:08Z,71.0
2024-01-18T01:10:13Z,70.0
2024-01-18T01:10:18Z,69.0
2024-01-18T01:10:33Z,70.0
2024-01-18T01:10:38Z,71.0
2024-01-18T01:10:48Z,72.0
2024-01-18T01:11:03Z,75.0
2024-01-18T01:11:08Z,73.0
2024-01-18T01:11:13Z,76.0
2024-01-18T01:11:18Z,77.0
2024-01-18T01:11:23Z,76.0
2024-01-18T01:11:28Z,74.0
2024-01-18T01:11:33Z,71.0
2024-01-18T01:11:48Z,72.0
2024-01-18T01:11:58Z,73.0
2024-01-18T01:12:03Z,71.0
2024-01-18T01:12:08Z,70.0
2024-01-18T01:12:13Z,69.0
2024-01-18T01:12:18Z,68.0
2024-01-18T01:12:23Z,69.0
2024-01-18T01:12:28Z,69.0
2024-01-18T01:12:33Z,71.0
2024-01-18T01:12:38Z,73.0
2024-01-18T01:12:43Z,70.0
2024-01-18T01:12:53Z,68.0
2024-01-18T01:12:58Z,66.0
2024-01-18T01:13:03Z,67.0
2024-01-18T01:13:08Z,68.0
2024-01-18T01:13:13Z,70.0
2024-01-18T01:13:23Z,69.0
2024-01-18T01:13:28Z,70.0
2024-01-18T01:13:33Z,71.0
2024-01-18T01:13:38Z,69.0
2024-01-18T01:13:48Z,71.0
2024-01-18T01:13:53Z,70.0
2024-01-18T01:14:03Z,71.0
2024-01-18T01:14:08Z,72.0
2024-01-18T01:14:13Z,73.0
2024-01-18T01:14:28Z,74.0
2024-01-18T01:14:33Z,75.0
2024-01-18T01:14:38Z,76.0
2024-01-18T01:14:48Z,75.0
2024-01-18T01:14:58Z,76.0
2024-01-18T01:15:03Z,77.0
2024-01-18T01:15:08Z,76.0
2024-01-18T01:15:18Z,78.0
2024-01-18T01:15:28Z,80.0
2024-01-18T01:15:33Z,81.0
2024-01-18T01:15:43Z,80.0
2024-01-18T01:15:48Z,78.0
2024-01-18T01:15:54Z,75.0
2024-01-18T01:15:59Z,77.0
2024-01-18T01:16:04Z,79.0
2024-01-18T01:16:14Z,76.0
2024-01-18T01:16:19Z,73.0
2024-01-18T01:16:24Z,77.0
2024-01-18T01:16:29Z,77.0
2024-01-18T01:16:34Z,76.0
2024-01-18T01:16:39Z,74.0
2024-01-18T01:16:54Z,74.0
2024-01-18T01:16:59Z,72.0
2024-01-18T01:17:04Z,71.0
2024-01-18T01:17:09Z,70.0
2024-01-18T01:17:14Z,68.0
2024-01-18T01:17:19Z,66.0
2024-01-18T01:17:24Z,64.0
2024-01-18T01:17:29Z,63.0
2024-01-18T01:17:34Z,65.0
2024-01-18T01:17:39Z,66.0
2024-01-18T01:17:44Z,69.0
2024-01-18T01:17:49Z,66.0
2024-01-18T01:17:54Z,65.0
2024-01-18T01:17:59Z,67.0
2024-01-18T01:18:09Z,66.0
2024-01-18T01:18:19Z,65.0
2024-01-18T01:18:34Z,65.0
2024-01-18T01:18:39Z,64.0
2024-01-18T01:18:44Z,63.0
2024-01-18T01:18:49Z,62.0
2024-01-18T01:18:54Z,63.0
2024-01-18T01:18:59Z,64.0
2024-01-18T01:19:04Z,67.0
2024-01-18T01:19:09Z,69.0
2024-01-18T01:19:14Z,67.0
2024-01-18T01:19:19Z,65.0
2024-01-18T01:19:29Z,63.0
2024-01-18T01:19:34Z,62.0
2024-01-18T01:19:39Z,64.0
2024-01-18T01:19:44Z,66.0
2024-01-18T01:19:49Z,67.0
2024-01-18T01:19:54Z,66.0
2024-01-18T01:19:59Z,68.0
2024-01-18T01:20:04Z,71.0
2024-01-18T01:20:09Z,68.0
2024-01-18T01:20:14Z,66.0
2024-01-18T01:20:19Z,67.0
2024-01-18T01:20:29Z,69.0
2024-01-18T01:20:39Z,67.0
2024-01-18T01:20:49Z,66.0
2024-01-18T01:20:59Z,69.0
2024-01-18T01:21:04Z,71.0
2024-01-18T01:21:14Z,69.0
2024-01-18T01:21:19Z,70.0
2024-01-18T01:21:29Z,72.0
2024-01-18T01:21:34Z,69.0
2024-01-18T01:21:39Z,66.0
2024-01-18T01:21:49Z,67.0
2024-01-18T01:21:54Z,70.0
2024-01-18T01:21:59Z,68.0
2024-01-18T01:22:04Z,66.0
2024-01-18T01:22:19Z,66.0
2024-01-18T01:22:34Z,66.0
2024-01-18T01:22:44Z,67.0
2024-01-18T01:22:49Z,68.0
2024-01-18T01:23:04Z,67.0
2024-01-18T01:23:14Z,68.0
2024-01-18T01:23:19Z,71.0
2024-01-18T01:23:24Z,72.0
2024-01-18T01:23:29Z,70.0
2024-01-18T01:23:44Z,70.0
2024-01-18T01:23:49Z,69.0
2024-01-18T01:23:59Z,68.0
2024-01-18T01:24:09Z,69.0
2024-01-18T01:24:14Z,70.0
2024-01-18T01:24:19Z,69.0
2024-01-18T01:24:29Z,68.0
2024-01-18T01:24:44Z,69.0
2024-01-18T01:24:49Z,68.0
2024-01-18T01:24:54Z,69.0
2024-01-18T01:24:59Z,71.0
2024-01-18T01:25:04Z,75.0
2024-01-18T01:25:09Z,79.0
2024-01-18T01:25:14Z,80.0
2024-01-18T01:25:19Z,82.0
2024-01-18T01:25:24Z,84.0
2024-01-18T01:25:29Z,83.0
2024-01-18T01:25:34Z,81.0
2024-01-18T01:25:39Z,83.0
2024-01-18T01:25:44Z,86.0
2024-01-18T01:25:49Z,81.0
2024-01-18T01:26:04Z,77.0
2024-01-18T01:26:09Z,73.0
2024-01-18T01:26:14Z,71.0
2024-01-18T01:26:19Z,69.0
2024-01-18T01:26:24Z,64.0
2024-01-18T01:26:29Z,62.0
2024-01-18T01:26:44Z,61.0
2024-01-18T01:26:54Z,60.0
2024-01-18T01:27:04Z,61.0
2024-01-18T01:27:09Z,64.0
2024-01-18T01:27:14Z,70.0
2024-01-18T01:27:19Z,71.0
2024-01-18T01:27:24Z,69.0
2024-01-18T01:27:29Z,68.0
2024-01-18T01:27:34Z,67.0
2024-01-18T01:27:39Z,66.0
2024-01-18T01:27:44Z,65.0
2024-01-18T01:27:49Z,67.0
2024-01-18T01:27:54Z,68.0
2024-01-18T01:27:59Z,69.0
2024-01-18T01:28:04Z,72.0
2024-01-18T01:28:09Z,73.0
2024-01-18T01:28:14Z,74.0
2024-01-18T01:28:24Z,72.0
2024-01-18T01:28:29Z,68.0
2024-01-18T01:28:34Z,70.0
2024-01-18T01:28:39Z,71.0
2024-01-18T01:28:44Z,72.0
2024-01-18T01:28:49Z,73.0
2024-01-18T01:28:54Z,72.0
2024-01-18T01:28:59Z,70.0
2024-01-18T01:29:04Z,71.0
2024-01-18T01:29:09Z,72.0
2024-01-18T01:29:14Z,71.0
2024-01-18T01:29:19Z,70.0
2024-01-18T01:29:24Z,69.0
2024-01-18T01:29:29Z,72.0
2024-01-18T01:29:34Z,73.0
2024-01-18T01:29:39Z,72.0
2024-01-18T01:29:44Z,71.0
2024-01-18T01:29:49Z,69.0
2024-01-18T01:29:59Z,68.0
2024-01-18T01:30:04Z,69.0
2024-01-18T01:30:09Z,73.0
2024-01-18T01:30:14Z,74.0
2024-01-18T01:30:19Z,73.0
2024-01-18T01:30:34Z,70.0
2024-01-18T01:30:39Z,68.0
2024-01-18T01:30:44Z,69.0
2024-01-18T01:30:54Z,70.0
2024-01-18T01:30:59Z,71.0
2024-01-18T01:31:04Z,73.0
2024-01-18T01:31:09Z,76.0
2024-01-18T01:31:14Z,78.0
2024-01-18T01:31:19Z,80.0
2024-01-18T01:31:24Z,79.0
2024-01-18T01:31:29Z,76.0
2024-01-18T01:31:34Z,73.0
2024-01-18T01:31:49Z,74.0
2024-01-18T01:31:54Z,76.0
2024-01-18T01:32:09Z,73.0
2024-01-18T01:32:14Z,70.0
2024-01-18T01:32:19Z,70.0
2024-01-18T01:32:24Z,71.0
2024-01-18T01:32:29Z,74.0
2024-01-18T01:32:34Z,79.0
2024-01-18T01:32:39Z,81.0
2024-01-18T01:32:54Z,80.0
2024-01-18T01:32:59Z,74.0
2024-01-18T01:33:04Z,71.0
2024-01-18T01:33:09Z,69.0
2024-01-18T01:33:14Z,70.0
2024-01-18T01:33:19Z,72.0
2024-01-18T01:33:24Z,73.0
2024-01-18T01:33:34Z,77.0
2024-01-18T01:33:39Z,79.0
2024-01-18T01:33:44Z,80.0
2024-01-18T01:33:54Z,78.0
2024-01-18T01:33:59Z,76.0
2024-01-18T01:34:14Z,76.0
2024-01-18T01:34:19Z,74.0
2024-01-18T01:34:24Z,73.0
2024-01-18T01:34:29Z,74.0
2024-01-18T01:34:34Z,78.0
2024-01-18T01:34:44Z,77.0
2024-01-18T01:34:54Z,76.0
2024-01-18T01:34:59Z,74.0
2024-01-18T01:35:04Z,71.0
2024-01-18T01:35:09Z,70.0
2024-01-18T01:35:14Z,72.0
2024-01-18T01:35:19Z,77.0
2024-01-18T01:35:29Z,76.0
2024-01-18T01:35:34Z,77.0
2024-01-18T01:35:44Z,75.0
2024-01-18T01:35:49Z,77.0
2024-01-18T01:35:59Z,76.0
2024-01-18T01:36:04Z,77.0
2024-01-18T01:36:09Z,76.0
2024-01-18T01:36:14Z,75.0
2024-01-18T01:36:19Z,75.0
2024-01-18T01:36:29Z,76.0
2024-01-18T01:36:34Z,75.0
2024-01-18T01:36:39Z,76.0
2024-01-18T01:36:44Z,77.0
2024-01-18T01:36:49Z,76.0
2024-01-18T01:36:54Z,75.0
2024-01-18T01:36:59Z,73.0
2024-01-18T01:37:04Z,71.0
2024-01-18T01:37:09Z,70.0
2024-01-18T01:37:14Z,72.0
2024-01-18T01:37:24Z,71.0
2024-01-18T01:37:34Z,75.0
2024-01-18T01:37:44Z,79.0
2024-01-18T01:37:49Z,78.0
2024-01-18T01:37:54Z,73.0
2024-01-18T01:37:59Z,72.0
2024-01-18T01:38:04Z,70.0
2024-01-18T01:38:09Z,72.0
2024-01-18T01:38:14Z,74.0
2024-01-18T01:38:24Z,75.0
2024-01-18T01:38:29Z,76.0
2024-01-18T01:38:34Z,77.0
2024-01-18T01:38:49Z,77.0
2024-01-18T01:38:59Z,78.0
2024-01-18T01:39:14Z,77.0
2024-01-18T01:39:19Z,76.0
2024-01-18T01:39:24Z,78.0
2024-01-18T01:39:29Z,80.0
2024-01-18T01:39:39Z,77.0
2024-01-18T01:39:49Z,79.0
2024-01-18T01:39:59Z,78.0
2024-01-18T01:40:09Z,75.0
2024-01-18T01:40:24Z,72.0
2024-01-18T01:40:29Z,71.0
2024-01-18T01:40:34Z,69.0
2024-01-18T01:40:39Z,70.0
2024-01-18T01:40:44Z,70.0
2024-01-18T01:40:49Z,70.0
2024-01-18T01:40:54Z,72.0
2024-01-18T01:40:59Z,73.0
2024-01-18T01:41:09Z,75.0
2024-01-18T01:41:19Z,76.0
2024-01-18T01:41:24Z,79.0
2024-01-18T01:41:29Z,83.0
2024-01-18T01:41:34Z,85.0
2024-01-18T01:41:39Z,86.0
2024-01-18T01:41:44Z,80.0
2024-01-18T01:41:49Z,77.0
2024-01-18T01:41:54Z,76.0
2024-01-18T01:41:59Z,74.0
2024-01-18T01:42:04Z,75.0
2024-01-18T01:42:09Z,76.0
2024-01-18T01:42:14Z,79.0
2024-01-18T01:42:19Z,85.0
2024-01-18T01:42:24Z,87.0
2024-01-18T01:42:29Z,84.0
2024-01-18T01:42:34Z,77.0
2024-01-18T01:42:39Z,78.0
2024-01-18T01:42:44Z,80.0
2024-01-18T01:42:49Z,79.0
2024-01-18T01:42:54Z,77.0
2024-01-18T01:42:59Z,76.0
2024-01-18T01:43:04Z,77.0
2024-01-18T01:43:09Z,78.0
2024-01-18T01:43:14Z,80.0
2024-01-18T01:43:19Z,79.0
2024-01-18T01:43:24Z,76.0
2024-01-18T01:43:29Z,77.0
2024-01-18T01:43:34Z,79.0
2024-01-18T01:43:49Z,76.0
2024-01-18T01:43:54Z,73.0
2024-01-18T01:44:04Z,74.0
2024-01-18T01:44:09Z,76.0
2024-01-18T01:44:14Z,75.0
2024-01-18T01:44:19Z,74.0
2024-01-18T01:44:24Z,75.0
2024-01-18T01:44:34Z,77.0
2024-01-18T01:44:39Z,75.0
2024-01-18T01:44:44Z,74.0
2024-01-18T01:44:54Z,76.0
2024-01-18T01:44:59Z,78.0
2024-01-18T01:45:09Z,77.0
2024-01-18T01:45:14Z,75.0
2024-01-18T01:45:19Z,73.0
2024-01-18T01:45:24Z,72.0
2024-01-18T01:45:29Z,73.0
2024-01-18T01:45:34Z,74.0
2024-01-18T01:45:39Z,76.0
2024-01-18T01:45:44Z,74.0
2024-01-18T01:45:49Z,72.0
2024-01-18T01:46:04Z,73.0
2024-01-18T01:46:09Z,70.0
2024-01-18T01:46:14Z,71.0
2024-01-18T01:46:19Z,72.0
2024-01-18T01:46:24Z,74.0
2024-01-18T01:46:29Z,75.0
2024-01-18T01:46:34Z,81.0
2024-01-18T01:46:39Z,84.0
2024-01-18T01:46:44Z,83.0
2024-01-18T01:46:49Z,85.0
2024-01-18T01:46:54Z,84.0
2024-01-18T01:46:59Z,82.0
2024-01-18T01:47:09Z,83.0
2024-01-18T01:47:14Z,84.0
2024-01-18T01:47:24Z,81.0
2024-01-18T01:47:29Z,80.0
2024-01-18T01:47:44Z,80.0
2024-01-18T01:47:49Z,80.0
2024-01-18T01:47:54Z,81.0
2024-01-18T01:48:04Z,82.0
2024-01-18T01:48:09Z,84.0
2024-01-18T01:48:14Z,85.0
2024-01-18T01:48:19Z,84.0
2024-01-18T01:48:24Z,83.0
2024-01-18T01:48:29Z,82.0
2024-01-18T01:48:34Z,84.0
2024-01-18T01:48:39Z,87.0
2024-01-18T01:48:49Z,83.0
2024-01-18T01:48:54Z,78.0
2024-01-18T01:48:59Z,75.0
2024-01-18T01:49:04Z,74.0
2024-01-18T01:49:09Z,77.0
2024-01-18T01:49:14Z,80.0
2024-01-18T01:49:19Z,78.0
2024-01-18T01:49:24Z,75.0
2024-01-18T01:49:29Z,73.0
2024-01-18T01:49:39Z,74.0
2024-01-18T01:49:49Z,73.0
2024-01-18T01:49:54Z,74.0
2024-01-18T01:50:04Z,75.0
2024-01-18T01:50:14Z,76.0
2024-01-18T01:50:19Z,78.0
2024-01-18T01:50:24Z,79.0
2024-01-18T01:50:29Z,82.0
2024-01-18T01:50:34Z,87.0
2024-01-18T01:50:39Z,90.0
2024-01-18T01:50:49Z,91.0
2024-01-18T01:50:54Z,98.0
2024-01-18T01:50:59Z,99.0
2024-01-18T01:51:04Z,101.0
2024-01-18T01:51:09Z,98.0
2024-01-18T01:51:14Z,97.0
2024-01-18T01:51:19Z,94.0
2024-01-18T01:51:24Z,95.0
2024-01-18T01:51:29Z,94.0
2024-01-18T01:51:34Z,92.0
2024-01-18T01:51:39Z,91.0
2024-01-18T01:51:44Z,90.0
2024-01-18T01:51:49Z,91.0
2024-01-18T01:51:54Z,90.0
2024-01-18T01:51:59Z,84.0
2024-01-18T01:52:04Z,78.0
2024-01-18T01:52:09Z,73.0
2024-01-18T01:52:14Z,76.0
2024-01-18T01:52:24Z,75.0
2024-01-18T01:52:34Z,76.0
2024-01-18T01:52:44Z,75.0
2024-01-18T01:52:49Z,72.0
2024-01-18T01:52:54Z,74.0
2024-01-18T01:53:09Z,75.0
2024-01-18T01:53:14Z,78.0
2024-01-18T01:53:19Z,79.0
2024-01-18T01:53:24Z,78.0
2024-01-18T01:53:29Z,77.0
2024-01-18T01:53:34Z,80.0
2024-01-18T01:53:39Z,81.0
2024-01-18T01:53:44Z,80.0
2024-01-18T01:53:49Z,81.0
2024-01-18T01:53:54Z,84.0
2024-01-18T01:54:04Z,83.0
2024-01-18T01:54:09Z,81.0
2024-01-18T01:54:14Z,82.0
2024-01-18T01:54:19Z,83.0
2024-01-18T01:54:24Z,81.0
2024-01-18T01:54:29Z,79.0
2024-01-18T01:54:34Z,78.0
2024-01-18T01:54:39Z,79.0
2024-01-18T01:54:44Z,81.0
2024-01-18T01:54:49Z,82.0
2024-01-18T01:54:59Z,83.0
2024-01-18T01:55:14Z,82.0
2024-01-18T01:55:29Z,85.0
2024-01-18T01:55:39Z,88.0
2024-01-18T01:55:49Z,93.0
2024-01-18T01:55:54Z,99.0
2024-01-18T01:56:09Z,95.0
2024-01-18T01:56:14Z,94.0
2024-01-18T01:56:19Z,97.0
2024-01-18T01:56:24Z,97.0
2024-01-18T01:56:29Z,90.0
2024-01-18T01:56:34Z,83.0
2024-01-18T01:56:39Z,77.0
2024-01-18T01:56:44Z,76.0
2024-01-18T01:56:49Z,74.0
2024-01-18T01:56:54Z,73.0
2024-01-18T01:56:59Z,72.0
2024-01-18T01:57:09Z,74.0
2024-01-18T01:57:14Z,73.0
2024-01-18T01:57:19Z,72.0
2024-01-18T01:57:24Z,71.0
2024-01-18T01:57:34Z,72.0
2024-01-18T01:57:39Z,72.0
2024-01-18T01:57:44Z,73.0
2024-01-18T01:57:49Z,74.0
2024-01-18T01:57:54Z,75.0
2024-01-18T01:57:59Z,74.0
2024-01-18T01:58:04Z,75.0
2024-01-18T01:58:09Z,73.0
2024-01-18T01:58:14Z,73.0
2024-01-18T01:58:19Z,76.0
2024-01-18T01:58:34Z,76.0
2024-01-18T01:58:39Z,75.0
2024-01-18T01:58:54Z,75.0
2024-01-18T01:58:59Z,72.0
2024-01-18T01:59:04Z,72.0
2024-01-18T01:59:09Z,71.0
2024-01-18T01:59:14Z,72.0
2024-01-18T01:59:29Z,72.0
2024-01-18T01:59:34Z,74.0
2024-01-18T01:59:44Z,73.0
2024-01-18T01:59:49Z,71.0
2024-01-18T01:59:54Z,68.0
2024-01-18T01:59:59Z,67.0
2024-01-18T02:00:04Z,68.0
2024-01-18T02:00:09Z,70.0
2024-01-18T02:00:14Z,71.0
2024-01-18T02:00:19Z,73.0
2024-01-18T02:00:24Z,76.0
2024-01-18T02:00:29Z,75.0
2024-01-18T02:00:39Z,74.0
2024-01-18T02:00:44Z,72.0
2024-01-18T02:00:49Z,71.0
2024-01-18T02:00:54Z,73.0
2024-01-18T02:00:59Z,72.0
2024-01-18T02:01:14Z,77.0
2024-01-18T02:01:19Z,80.0
2024-01-18T02:01:24Z,79.0
2024-01-18T02:01:29Z,78.0
2024-01-18T02:01:34Z,76.0
2024-01-18T02:01:39Z,75.0
2024-01-18T02:01:44Z,74.0
2024-01-18T02:01:49Z,73.0
2024-01-18T02:01:54Z,72.0
2024-01-18T02:01:59Z,71.0
2024-01-18T02:02:04Z,71.0
2024-01-18T02:02:09Z,72.0
2024-01-18T02:02:14Z,71.0
2024-01-18T02:02:19Z,72.0
2024-01-18T02:02:24Z,73.0
2024-01-18T02:02:29Z,72.0
2024-01-18T02:02:34Z,71.0
2024-01-18T02:02:44Z,70.0
2024-01-18T02:02:49Z,69.0
2024-01-18T02:02:54Z,71.0
2024-01-18T02:02:59Z,70.0
2024-01-18T02:03:09Z,71.0
2024-01-18T02:03:19Z,72.0
2024-01-18T02:03:24Z,73.0
2024-01-18T02:03:34Z,73.0
2024-01-18T02:03:39Z,73.0
2024-01-18T02:03:44Z,72.0
2024-01-18T02:03:49Z,72.0
2024-01-18T02:04:04Z,73.0
2024-01-18T02:04:09Z,74.0
2024-01-18T02:04:14Z,73.0
2024-01-18T02:04:19Z,74.0
2024-01-18T02:04:24Z,73.0
2024-01-18T02:04:29Z,74.0
2024-01-18T02:04:34Z,78.0
2024-01-18T02:04:39Z,81.0
2024-01-18T02:04:44Z,79.0
2024-01-18T02:04:49Z,76.0
2024-01-18T02:04:54Z,72.0
2024-01-18T02:04:59Z,71.0
2024-01-18T02:05:09Z,70.0
2024-01-18T02:05:14Z,69.0
2024-01-18T02:05:19Z,70.0
2024-01-18T02:05:24Z,72.0
2024-01-18T02:05:29Z,74.0
2024-01-18T02:05:34Z,72.0
2024-01-18T02:05:39Z,69.0
2024-01-18T02:05:44Z,72.0
2024-01-18T02:05:49Z,75.0
2024-01-18T02:05:59Z,73.0
2024-01-18T02:06:04Z,71.0
2024-01-18T02:06:19Z,71.0
2024-01-18T02:06:24Z,69.0
2024-01-18T02:06:29Z,71.0
2024-01-18T02:06:34Z,75.0
2024-01-18T02:06:39Z,76.0
2024-01-18T02:06:44Z,72.0
2024-01-18T02:06:49Z,69.0
2024-01-18T02:06:59Z,67.0
2024-01-18T02:07:04Z,67.0
2024-01-18T02:07:09Z,66.0
2024-01-18T02:07:24Z,66.0
2024-01-18T02:07:29Z,69.0
2024-01-18T02:07:34Z,75.0
2024-01-18T02:07:39Z,76.0
2024-01-18T02:07:44Z,73.0
2024-01-18T02:07:49Z,70.0
2024-01-18T02:07:59Z,69.0
2024-01-18T02:08:04Z,68.0
2024-01-18T02:08:09Z,71.0
2024-01-18T02:08:14Z,75.0
2024-01-18T02:08:19Z,80.0
2024-01-18T02:08:24Z,78.0
2024-01-18T02:08:29Z,73.0
2024-01-18T02:08:34Z,70.0
2024-01-18T02:08:39Z,68.0
2024-01-18T02:08:49Z,68.0
2024-01-18T02:08:54Z,71.0
2024-01-18T02:08:59Z,74.0
2024-01-18T02:09:04Z,73.0
2024-01-18T02:09:09Z,70.0
2024-01-18T02:09:14Z,67.0
2024-01-18T02:09:19Z,66.0
2024-01-18T02:09:29Z,65.0
2024-01-18T02:09:34Z,64.0
2024-01-18T02:09:39Z,63.0
2024-01-18T02:09:44Z,64.0
2024-01-18T02:09:49Z,66.0
2024-01-18T02:09:54Z,73.0
2024-01-18T02:09:59Z,81.0
2024-01-18T02:10:04Z,84.0
2024-01-18T02:10:09Z,82.0
2024-01-18T02:10:14Z,76.0
2024-01-18T02:10:19Z,74.0
2024-01-18T02:10:24Z,70.0
2024-01-18T02:10:29Z,69.0
2024-01-18T02:10:34Z,68.0
2024-01-18T02:10:44Z,66.0
2024-01-18T02:10:54Z,68.0
2024-01-18T02:10:59Z,72.0
2024-01-18T02:11:09Z,71.0
2024-01-18T02:11:19Z,69.0
2024-01-18T02:11:34Z,71.0
2024-01-18T02:11:39Z,72.0
2024-01-18T02:11:49Z,73.0
2024-01-18T02:11:54Z,71.0
2024-01-18T02:11:59Z,70.0
2024-01-18T02:12:04Z,69.0
2024-01-18T02:12:09Z,73.0
2024-01-18T02:12:14Z,72.0
2024-01-18T02:12:19Z,70.0
2024-01-18T02:12:24Z,69.0
2024-01-18T02:12:29Z,70.0
2024-01-18T02:12:34Z,71.0
2024-01-18T02:12:44Z,74.0
2024-01-18T02:12:49Z,72.0
2024-01-18T02:12:54Z,70.0
2024-01-18T02:12:59Z,69.0
2024-01-18T02:13:04Z,69.0
2024-01-18T02:13:09Z,70.0
2024-01-18T02:13:14Z,69.0
2024-01-18T02:13:29Z,69.0
2024-01-18T02:13:34Z,67.0
2024-01-18T02:13:44Z,67.0
2024-01-18T02:13:49Z,70.0
2024-01-18T02:13:54Z,71.0
2024-01-18T02:13:59Z,71.0
2024-01-18T02:14:04Z,70.0
2024-01-18T02:14:14Z,69.0
2024-01-18T02:14:19Z,70.0
2024-01-18T02:14:29Z,70.0
2024-01-18T02:14:34Z,74.0
2024-01-18T02:14:39Z,80.0
2024-01-18T02:14:44Z,81.0
2024-01-18T02:14:49Z,78.0
2024-01-18T02:14:54Z,76.0
2024-01-18T02:14:59Z,74.0
2024-01-18T02:15:04Z,71.0
2024-01-18T02:15:09Z,69.0
2024-01-18T02:15:14Z,70.0
2024-01-18T02:15:19Z,74.0
2024-01-18T02:15:24Z,73.0
2024-01-18T02:15:29Z,78.0
2024-01-18T02:15:34Z,84.0
2024-01-18T02:15:39Z,83.0
2024-01-18T02:15:44Z,76.0
2024-01-18T02:15:49Z,72.0
2024-01-18T02:15:54Z,70.0
2024-01-18T02:15:59Z,69.0
2024-01-18T02:16:04Z,68.0
2024-01-18T02:16:14Z,66.0
2024-01-18T02:16:24Z,65.0
2024-01-18T02:16:29Z,65.0
2024-01-18T02:16:34Z,67.0
2024-01-18T02:16:39Z,73.0
2024-01-18T02:16:44Z,80.0
2024-01-18T02:16:49Z,88.0
2024-01-18T02:16:54Z,91.0
2024-01-18T02:16:59Z,84.0
2024-01-18T02:17:04Z,75.0
2024-01-18T02:17:09Z,71.0
2024-01-18T02:17:14Z,72.0
2024-01-18T02:17:19Z,73.0
2024-01-18T02:17:24Z,71.0
2024-01-18T02:17:29Z,68.0
2024-01-18T02:17:39Z,70.0
2024-01-18T02:17:44Z,73.0
2024-01-18T02:17:49Z,75.0
2024-01-18T02:17:54Z,76.0
2024-01-18T02:17:59Z,75.0
2024-01-18T02:18:09Z,74.0
2024-01-18T02:18:14Z,75.0
2024-01-18T02:18:19Z,77.0
2024-01-18T02:18:29Z,74.0
2024-01-18T02:18:34Z,72.0
2024-01-18T02:18:44Z,77.0
2024-01-18T02:18:54Z,78.0
2024-01-18T02:18:59Z,80.0
2024-01-18T02:19:04Z,84.0
2024-01-18T02:19:09Z,85.0
2024-01-18T02:19:14Z,82.0
2024-01-18T02:19:19Z,78.0
2024-01-18T02:19:24Z,74.0
2024-01-18T02:19:29Z,72.0
2024-01-18T02:19:34Z,73.0
2024-01-18T02:19:39Z,74.0
2024-01-18T02:19:44Z,73.0
2024-01-18T02:19:59Z,73.0
2024-01-18T02:20:04Z,70.0
2024-01-18T02:20:09Z,66.0
2024-01-18T02:20:14Z,65.0
2024-01-18T02:20:19Z,68.0
2024-01-18T02:20:24Z,71.0
2024-01-18T02:20:29Z,69.0
2024-01-18T02:20:34Z,67.0
2024-01-18T02:20:39Z,67.0
2024-01-18T02:20:44Z,71.0
2024-01-18T02:20:49Z,75.0
2024-01-18T02:20:54Z,74.0
2024-01-18T02:20:59Z,72.0
2024-01-18T02:21:09Z,74.0
2024-01-18T02:21:14Z,78.0
2024-01-18T02:21:19Z,76.0
2024-01-18T02:21:24Z,71.0
2024-01-18T02:21:29Z,70.0
2024-01-18T02:21:34Z,69.0
2024-01-18T02:21:39Z,68.0
2024-01-18T02:21:49Z,71.0
2024-01-18T02:21:59Z,70.0
2024-01-18T04:43:01Z,33.0
2024-01-18T04:43:06Z,83.0
2024-01-18T04:43:11Z,85.0
2024-01-18T04:43:16Z,87.0
2024-01-18T04:43:21Z,91.0
2024-01-18T04:43:26Z,93.0
2024-01-18T04:43:31Z,87.0
2024-01-18T04:43:41Z,88.0
2024-01-18T04:43:46Z,85.0
2024-01-18T04:43:51Z,88.0
2024-01-18T04:44:06Z,88.0
2024-01-18T04:44:11Z,83.0
2024-01-18T04:44:16Z,81.0
2024-01-18T04:44:21Z,82.0
2024-01-18T04:44:26Z,84.0
2024-01-18T04:44:31Z,87.0
2024-01-18T04:44:41Z,85.0
2024-01-18T04:44:46Z,83.0
2024-01-18T04:44:51Z,80.0
2024-01-18T04:44:56Z,77.0
2024-01-18T04:45:01Z,78.0
2024-01-18T04:45:06Z,79.0
2024-01-18T04:45:11Z,80.0
2024-01-18T04:45:16Z,79.0
2024-01-18T04:45:21Z,80.0
2024-01-18T04:45:26Z,84.0
2024-01-18T04:45:31Z,86.0
2024-01-18T04:45:36Z,88.0
2024-01-18T04:45:41Z,87.0
2024-01-18T04:45:46Z,86.0
2024-01-18T04:45:56Z,85.0
2024-01-18T04:46:01Z,87.0
2024-01-18T04:46:11Z,85.0
2024-01-18T04:46:16Z,87.0
2024-01-18T04:46:21Z,88.0
2024-01-18T04:46:36Z,87.0
2024-01-18T04:46:41Z,88.0
2024-01-18T04:46:46Z,87.0
2024-01-18T04:46:51Z,86.0
2024-01-18T04:46:56Z,87.0
2024-01-18T04:47:01Z,86.0
2024-01-18T04:47:06Z,88.0
2024-01-18T04:47:11Z,92.0
2024-01-18T04:47:16Z,91.0
2024-01-18T04:47:21Z,90.0
2024-01-18T04:47:26Z,89.0
2024-01-18T04:47:31Z,87.0
2024-01-18T04:47:37Z,77.0
2024-01-18T04:47:42Z,71.0
2024-01-18T04:47:47Z,78.0
2024-01-18T04:47:52Z,83.0
2024-01-18T04:47:57Z,89.0
2024-01-18T04:48:04Z,86.0
2024-01-18T04:48:09Z,85.0
2024-01-18T04:48:19Z,84.0
2024-01-18T04:48:24Z,82.0
2024-01-18T04:48:29Z,81.0
2024-01-18T04:48:34Z,84.0
2024-01-18T04:48:39Z,88.0
2024-01-18T04:48:44Z,87.0
2024-01-18T04:48:54Z,88.0
2024-01-18T04:48:59Z,90.0
2024-01-18T04:49:04Z,93.0
2024-01-18T04:49:09Z,94.0
2024-01-18T04:49:15Z,95.0
2024-01-18T04:49:20Z,97.0
2024-01-18T04:49:25Z,99.0
2024-01-18T04:49:30Z,101.0
2024-01-18T04:49:35Z,107.0
2024-01-18T04:49:40Z,109.0
2024-01-18T04:49:45Z,108.0
2024-01-18T04:49:50Z,107.0
2024-01-18T04:49:55Z,105.0
2024-01-18T04:50:00Z,103.0
2024-01-18T04:50:10Z,100.0
2024-01-18T04:50:15Z,99.0
2024-01-18T04:50:20Z,100.0
2024-01-18T04:50:25Z,96.0
2024-01-18T04:50:30Z,94.0
2024-01-18T04:50:35Z,91.0
2024-01-18T04:50:40Z,90.0
2024-01-18T04:50:45Z,88.0
2024-01-18T04:50:50Z,81.0
2024-01-18T04:50:55Z,75.0
2024-01-18T04:51:00Z,69.0
2024-01-18T04:51:05Z,66.0
2024-01-18T04:51:10Z,67.0
2024-01-18T04:51:15Z,70.0
2024-01-18T04:51:25Z,68.0
2024-01-18T04:51:30Z,67.0
2024-01-18T04:51:35Z,71.0
2024-01-18T04:51:40Z,73.0
2024-01-18T04:51:45Z,75.0
2024-01-18T04:52:00Z,74.0
2024-01-18T04:52:05Z,73.0
2024-01-18T04:52:10Z,71.0
2024-01-18T04:52:15Z,68.0
2024-01-18T04:52:20Z,67.0
2024-01-18T04:52:25Z,66.0
2024-01-18T04:52:35Z,70.0
2024-01-18T04:52:40Z,73.0
2024-01-18T04:52:45Z,74.0
2024-01-18T04:52:50Z,72.0
2024-01-18T04:52:55Z,70.0
2024-01-18T04:53:00Z,69.0
2024-01-18T04:53:05Z,71.0
2024-01-18T04:53:10Z,75.0
2024-01-18T04:53:15Z,76.0
2024-01-18T04:53:25Z,74.0
2024-01-18T04:53:30Z,72.0
2024-01-18T04:53:40Z,73.0
2024-01-18T04:53:55Z,73.0
2024-01-18T04:54:10Z,71.0
2024-01-18T04:54:15Z,72.0
2024-01-18T04:54:25Z,74.0
2024-01-18T04:54:30Z,73.0
2024-01-18T04:54:35Z,75.0
2024-01-18T04:54:45Z,73.0
2024-01-18T04:54:50Z,71.0
2024-01-18T04:54:55Z,70.0
2024-01-18T04:55:00Z,71.0
2024-01-18T04:55:05Z,72.0
2024-01-18T04:55:10Z,75.0
2024-01-18T04:55:15Z,73.0
2024-01-18T04:55:20Z,73.0
2024-01-18T04:55:25Z,72.0
2024-01-18T04:55:30Z,71.0
2024-01-18T04:55:35Z,70.0
2024-01-18T04:55:45Z,71.0
2024-01-18T04:55:50Z,72.0
2024-01-18T04:56:00Z,73.0
2024-01-18T04:56:05Z,72.0
2024-01-18T04:56:20Z,73.0
2024-01-18T04:56:25Z,75.0
2024-01-18T04:56:30Z,78.0
2024-01-18T04:56:35Z,76.0
2024-01-18T04:56:45Z,74.0
2024-01-18T04:56:50Z,73.0
2024-01-18T04:56:55Z,72.0
2024-01-18T04:57:00Z,73.0
2024-01-18T04:57:05Z,70.0
2024-01-18T04:57:15Z,72.0
2024-01-18T04:57:20Z,72.0
2024-01-18T04:57:25Z,72.0
2024-01-18T04:57:30Z,72.0
2024-01-18T04:57:35Z,73.0
2024-01-18T04:57:40Z,77.0
2024-01-18T04:57:45Z,78.0
2024-01-18T04:57:50Z,76.0
2024-01-18T04:58:00Z,75.0
2024-01-18T04:58:05Z,76.0
2024-01-18T04:58:10Z,75.0
2024-01-18T04:58:25Z,75.0
2024-01-18T04:58:30Z,74.0
2024-01-18T04:58:40Z,72.0
2024-01-18T04:58:50Z,73.0
2024-01-18T04:58:55Z,72.0
2024-01-18T04:59:00Z,71.0
2024-01-18T04:59:10Z,73.0
2024-01-18T04:59:15Z,76.0
2024-01-18T04:59:20Z,73.0
2024-01-18T04:59:25Z,71.0
2024-01-18T04:59:30Z,68.0
2024-01-18T04:59:35Z,66.0
2024-01-18T04:59:45Z,67.0
2024-01-18T04:59:50Z,70.0
2024-01-18T04:59:55Z,72.0
2024-01-18T05:00:05Z,73.0
2024-01-18T05:00:10Z,75.0
2024-01-18T05:00:15Z,77.0
2024-01-18T05:00:20Z,74.0
2024-01-18T05:00:25Z,73.0
2024-01-18T05:00:30Z,72.0
2024-01-18T05:00:35Z,70.0
2024-01-18T05:00:40Z,69.0
2024-01-18T05:00:45Z,70.0
2024-01-18T05:00:50Z,72.0
2024-01-18T05:01:00Z,73.0
2024-01-18T05:01:05Z,74.0
2024-01-18T05:01:10Z,73.0
2024-01-18T05:01:15Z,72.0
2024-01-18T05:01:20Z,72.0
2024-01-18T05:01:25Z,75.0
2024-01-18T05:01:40Z,73.0
2024-01-18T05:01:45Z,72.0
2024-01-18T05:01:50Z,71.0
2024-01-18T05:01:55Z,66.0
2024-01-18T05:02:00Z,64.0
2024-01-18T05:02:05Z,67.0
2024-01-18T05:02:10Z,75.0
2024-01-18T05:02:15Z,85.0
2024-01-18T05:02:20Z,93.0
2024-01-18T05:02:25Z,86.0
2024-01-18T05:02:30Z,80.0
2024-01-18T05:02:35Z,75.0
2024-01-18T05:02:40Z,71.0
2024-01-18T05:02:45Z,74.0
2024-01-18T05:02:50Z,77.0
2024-01-18T05:02:55Z,74.0
2024-01-18T05:03:00Z,73.0
2024-01-18T05:03:05Z,70.0
2024-01-18T05:03:10Z,67.0
2024-01-18T05:03:15Z,66.0
2024-01-18T05:03:25Z,68.0
2024-01-18T05:03:30Z,67.0
2024-01-18T05:03:40Z,66.0
2024-01-18T05:03:55Z,65.0
2024-01-18T05:04:00Z,67.0
2024-01-18T05:04:05Z,70.0
2024-01-18T05:04:10Z,71.0
2024-01-18T05:04:15Z,71.0
2024-01-18T05:04:25Z,70.0
2024-01-18T05:04:30Z,72.0
2024-01-18T05:04:40Z,71.0
2024-01-18T05:04:45Z,69.0
2024-01-18T05:04:50Z,67.0
2024-01-18T05:04:55Z,65.0
2024-01-18T05:05:00Z,66.0
2024-01-18T05:05:05Z,69.0
2024-01-18T05:05:10Z,75.0
2024-01-18T05:05:15Z,79.0
2024-01-18T05:05:25Z,76.0
2024-01-18T05:05:30Z,71.0
2024-01-18T05:05:35Z,69.0
2024-01-18T05:05:40Z,71.0
2024-01-18T05:05:45Z,73.0
2024-01-18T05:05:50Z,74.0
2024-01-18T05:05:55Z,77.0
2024-01-18T05:06:00Z,81.0
2024-01-18T05:06:10Z,77.0
2024-01-18T05:06:15Z,81.0
2024-01-18T05:06:20Z,84.0
2024-01-18T05:06:25Z,85.0
2024-01-18T05:06:30Z,86.0
2024-01-18T05:06:35Z,87.0
2024-01-18T05:06:40Z,86.0
2024-01-18T05:06:45Z,85.0
2024-01-18T05:07:00Z,85.0
2024-01-18T05:07:10Z,84.0
2024-01-18T05:07:15Z,82.0
2024-01-18T05:07:20Z,83.0
2024-01-18T05:07:25Z,82.0
2024-01-18T05:07:30Z,81.0
2024-01-18T05:07:35Z,82.0
2024-01-18T05:07:45Z,83.0
2024-01-18T05:08:00Z,83.0
2024-01-18T05:08:05Z,82.0
2024-01-18T05:08:20Z,80.0
2024-01-18T05:08:25Z,79.0
2024-01-18T05:08:30Z,82.0
2024-01-18T05:08:35Z,83.0
2024-01-18T05:08:40Z,80.0
2024-01-18T05:08:45Z,78.0
2024-01-18T05:08:50Z,79.0
2024-01-18T05:08:55Z,80.0
2024-01-18T05:09:10Z,81.0
2024-01-18T05:09:15Z,83.0
2024-01-18T05:09:20Z,82.0
2024-01-18T05:09:25Z,81.0
2024-01-18T05:09:30Z,80.0
2024-01-18T05:09:35Z,81.0
2024-01-18T05:09:40Z,82.0
2024-01-18T05:09:50Z,83.0
2024-01-18T05:09:55Z,81.0
2024-01-18T05:10:00Z,78.0
2024-01-18T05:10:05Z,74.0
2024-01-18T05:10:10Z,71.0
2024-01-18T05:10:15Z,70.0
2024-01-18T05:10:20Z,69.0
2024-01-18T05:10:25Z,71.0
2024-01-18T05:10:30Z,72.0
2024-01-18T05:10:35Z,75.0
2024-01-18T05:10:40Z,79.0
2024-01-18T05:10:45Z,81.0
2024-01-18T05:10:50Z,78.0
2024-01-18T05:10:55Z,77.0
2024-01-18T05:11:10Z,80.0
2024-01-18T05:11:15Z,83.0
2024-01-18T05:11:20Z,82.0
2024-01-18T05:11:25Z,84.0
2024-01-18T05:11:30Z,80.0
2024-01-18T05:11:36Z,78.0
2024-01-18T05:11:46Z,79.0
2024-01-18T05:11:56Z,78.0
2024-01-18T05:12:01Z,80.0
2024-01-18T05:12:11Z,81.0
2024-01-18T05:12:16Z,82.0
2024-01-18T05:12:21Z,84.0
2024-01-18T05:12:26Z,85.0
2024-01-18T05:12:31Z,83.0
2024-01-18T05:12:36Z,78.0
2024-01-18T05:12:41Z,76.0
2024-01-18T05:12:46Z,78.0
2024-01-18T05:12:51Z,77.0
2024-01-18T05:13:01Z,78.0
2024-01-18T05:13:11Z,80.0
2024-01-18T05:13:16Z,80.0
2024-01-18T05:13:21Z,77.0
2024-01-18T05:13:26Z,78.0
2024-01-18T05:13:31Z,79.0
2024-01-18T05:13:36Z,80.0
2024-01-18T05:13:41Z,79.0
2024-01-18T05:13:46Z,80.0
2024-01-18T05:13:56Z,78.0
2024-01-18T05:14:06Z,76.0
2024-01-18T05:14:11Z,75.0
2024-01-18T05:14:16Z,76.0
2024-01-18T05:14:21Z,78.0
2024-01-18T05:14:26Z,77.0
2024-01-18T05:14:31Z,79.0
2024-01-18T05:14:36Z,77.0
2024-01-18T05:14:41Z,76.0
2024-01-18T05:14:46Z,79.0
2024-01-18T05:14:56Z,78.0
2024-01-18T05:15:01Z,77.0
2024-01-18T05:15:06Z,76.0
2024-01-18T05:15:11Z,80.0
2024-01-18T05:15:16Z,77.0
2024-01-18T05:15:21Z,75.0
2024-01-18T05:15:26Z,76.0
2024-01-18T05:15:31Z,77.0
2024-01-18T05:15:36Z,76.0
2024-01-18T05:15:46Z,78.0
2024-01-18T05:15:56Z,79.0
2024-01-18T05:16:01Z,81.0
2024-01-18T05:16:06Z,79.0
2024-01-18T05:16:11Z,77.0
2024-01-18T05:16:26Z,79.0
2024-01-18T05:16:31Z,81.0
2024-01-18T05:16:36Z,83.0
2024-01-18T05:16:46Z,82.0
2024-01-18T05:16:51Z,79.0
2024-01-18T05:16:56Z,77.0
2024-01-18T05:17:11Z,78.0
2024-01-18T05:17:16Z,77.0
2024-01-18T05:17:21Z,76.0
2024-01-18T05:17:26Z,77.0
2024-01-18T05:17:31Z,78.0
2024-01-18T05:17:36Z,77.0
2024-01-18T05:17:41Z,76.0
2024-01-18T05:17:46Z,77.0
2024-01-18T05:17:51Z,78.0
2024-01-18T05:17:56Z,79.0
2024-01-18T05:18:01Z,77.0
2024-01-18T05:18:11Z,80.0
2024-01-18T05:18:16Z,77.0
2024-01-18T05:18:21Z,78.0
2024-01-18T05:18:26Z,80.0
2024-01-18T05:18:31Z,79.0
2024-01-18T05:18:36Z,78.0
2024-01-18T05:18:41Z,79.0
2024-01-18T05:18:46Z,78.0
2024-01-18T05:18:51Z,73.0
2024-01-18T05:19:01Z,75.0
2024-01-18T05:19:06Z,76.0
2024-01-18T05:19:11Z,78.0
2024-01-18T05:19:16Z,77.0
2024-01-18T05:19:21Z,75.0
2024-01-18T05:19:26Z,77.0
2024-01-18T05:19:31Z,79.0
2024-01-18T05:19:41Z,80.0
2024-01-18T05:19:46Z,81.0
2024-01-18T05:19:51Z,79.0
2024-01-18T05:19:56Z,77.0
2024-01-18T05:20:01Z,78.0
2024-01-18T05:20:06Z,77.0
2024-01-18T05:20:11Z,76.0
2024-01-18T05:20:16Z,78.0
2024-01-18T05:20:21Z,79.0
2024-01-18T05:20:26Z,80.0
2024-01-18T05:20:31Z,77.0
2024-01-18T05:20:41Z,76.0
2024-01-18T05:20:46Z,79.0
2024-01-18T05:20:56Z,78.0
2024-01-18T05:21:01Z,77.0
2024-01-18T05:21:06Z,75.0
2024-01-18T05:21:11Z,76.0
2024-01-18T05:21:16Z,77.0
2024-01-18T05:21:26Z,78.0
2024-01-18T05:21:36Z,77.0
2024-01-18T05:21:41Z,78.0
2024-01-18T05:21:56Z,79.0
2024-01-18T05:22:01Z,78.0
2024-01-18T05:22:06Z,79.0
2024-01-18T05:22:11Z,80.0
2024-01-18T05:22:21Z,81.0
2024-01-18T05:22:31Z,77.0
2024-01-18T05:22:36Z,80.0
2024-01-18T05:22:41Z,79.0
2024-01-18T05:22:46Z,77.0
2024-01-18T05:22:51Z,78.0
2024-01-18T05:22:56Z,76.0
2024-01-18T05:23:01Z,78.0
2024-01-18T05:23:06Z,79.0
2024-01-18T05:23:11Z,78.0
2024-01-18T05:23:16Z,80.0
2024-01-18T05:23:21Z,78.0
2024-01-18T05:23:31Z,80.0
2024-01-18T05:23:36Z,79.0
2024-01-18T05:23:41Z,80.0
2024-01-18T05:23:46Z,79.0
2024-01-18T05:23:56Z,81.0
2024-01-18T05:24:01Z,84.0
2024-01-18T05:24:06Z,88.0
2024-01-18T05:24:11Z,91.0
2024-01-18T05:24:16Z,93.0
2024-01-18T05:24:21Z,83.0
2024-01-18T05:24:26Z,84.0
2024-01-18T05:24:31Z,85.0
2024-01-18T05:24:36Z,90.0
2024-01-18T05:24:41Z,95.0
2024-01-18T05:24:46Z,99.0
2024-01-18T05:24:51Z,100.0
2024-01-18T05:24:56Z,99.0
2024-01-18T05:25:06Z,98.0
2024-01-18T05:25:11Z,94.0
2024-01-18T05:25:16Z,88.0
2024-01-18T05:25:21Z,85.0
2024-01-18T05:25:26Z,82.0
2024-01-18T05:25:31Z,78.0
2024-01-18T05:25:36Z,75.0
2024-01-18T05:25:41Z,73.0
2024-01-18T05:25:46Z,74.0
2024-01-18T05:25:51Z,72.0
2024-01-18T05:25:56Z,70.0
2024-01-18T05:26:01Z,68.0
2024-01-18T05:26:06Z,66.0
2024-01-18T05:26:12Z,66.0
2024-01-18T05:26:17Z,68.0
2024-01-18T05:26:22Z,69.0
2024-01-18T05:26:27Z,68.0
2024-01-18T05:26:37Z,67.0
2024-01-18T05:26:42Z,65.0
2024-01-18T05:26:47Z,63.0
2024-01-18T05:26:57Z,67.0
2024-01-18T05:27:02Z,68.0
2024-01-18T05:27:12Z,66.0
2024-01-18T05:27:17Z,66.0
2024-01-18T05:27:22Z,66.0
2024-01-18T05:27:27Z,67.0
2024-01-18T05:27:32Z,66.0
2024-01-18T05:27:47Z,65.0
2024-01-18T05:27:57Z,65.0
2024-01-18T05:28:02Z,66.0
2024-01-18T05:28:07Z,67.0
2024-01-18T05:28:12Z,68.0
2024-01-18T05:28:17Z,71.0
2024-01-18T05:28:22Z,72.0
2024-01-18T05:28:27Z,71.0
2024-01-18T05:28:32Z,69.0
2024-01-18T05:28:37Z,67.0
2024-01-18T05:28:42Z,66.0
2024-01-18T05:28:57Z,68.0
2024-01-18T05:29:02Z,70.0
2024-01-18T05:29:07Z,71.0
2024-01-18T05:29:12Z,70.0
2024-01-18T05:29:17Z,71.0
2024-01-18T05:29:22Z,72.0
2024-01-18T05:29:27Z,71.0
2024-01-18T05:29:42Z,70.0
2024-01-18T05:29:57Z,70.0
2024-01-18T05:30:07Z,71.0
2024-01-18T05:30:12Z,70.0
2024-01-18T05:30:17Z,71.0
2024-01-18T05:30:22Z,70.0
2024-01-18T05:30:27Z,72.0
2024-01-18T05:30:32Z,73.0
2024-01-18T05:30:37Z,72.0
2024-01-18T05:30:42Z,70.0
2024-01-18T05:30:47Z,69.0
2024-01-18T05:30:52Z,75.0
2024-01-18T05:30:57Z,79.0
2024-01-18T05:31:02Z,81.0
2024-01-18T05:31:07Z,82.0
2024-01-18T05:31:12Z,80.0
2024-01-18T05:31:22Z,78.0
2024-01-18T05:31:27Z,76.0
2024-01-18T05:31:37Z,77.0
2024-01-18T05:31:42Z,75.0
2024-01-18T05:31:52Z,76.0
2024-01-18T05:32:02Z,77.0
2024-01-18T05:32:07Z,77.0
2024-01-18T05:32:12Z,78.0
2024-01-18T05:32:22Z,76.0
2024-01-18T05:32:27Z,74.0
2024-01-18T05:32:32Z,75.0
2024-01-18T05:32:42Z,73.0
2024-01-18T05:32:52Z,72.0
2024-01-18T05:32:57Z,71.0
2024-01-18T05:33:02Z,72.0
2024-01-18T05:33:07Z,73.0
2024-01-18T05:33:22Z,73.0
2024-01-18T05:33:27Z,74.0
2024-01-18T05:33:32Z,75.0
2024-01-18T05:33:37Z,77.0
2024-01-18T05:33:42Z,78.0
2024-01-18T05:33:47Z,79.0
2024-01-18T05:33:52Z,77.0
2024-01-18T05:34:02Z,76.0
2024-01-18T05:34:07Z,75.0
2024-01-18T05:34:12Z,73.0
2024-01-18T05:34:27Z,74.0
2024-01-18T05:34:37Z,72.0
2024-01-18T05:34:42Z,71.0
2024-01-18T05:34:47Z,71.0
2024-01-18T05:34:52Z,74.0
2024-01-18T05:34:57Z,72.0
2024-01-18T05:35:02Z,69.0
2024-01-18T05:35:07Z,70.0
2024-01-18T05:35:12Z,72.0
2024-01-18T05:35:17Z,72.0
2024-01-18T05:35:22Z,74.0
2024-01-18T05:35:27Z,76.0
2024-01-18T05:35:32Z,81.0
2024-01-18T05:35:37Z,85.0
2024-01-18T05:35:42Z,84.0
2024-01-18T05:35:47Z,77.0
2024-01-18T05:35:52Z,74.0
2024-01-18T05:35:57Z,72.0
2024-01-18T05:36:12Z,72.0
2024-01-18T05:36:27Z,73.0
2024-01-18T05:36:32Z,72.0
2024-01-18T05:36:37Z,71.0
2024-01-18T05:36:42Z,73.0
2024-01-18T05:36:47Z,71.0
2024-01-18T05:36:57Z,70.0
2024-01-18T05:37:02Z,69.0
2024-01-18T05:37:12Z,71.0
2024-01-18T05:37:22Z,70.0
2024-01-18T05:37:27Z,69.0
2024-01-18T05:37:32Z,70.0
2024-01-18T05:37:37Z,73.0
2024-01-18T05:37:52Z,75.0
2024-01-18T05:37:57Z,78.0
2024-01-18T05:38:02Z,79.0
2024-01-18T05:38:07Z,78.0
2024-01-18T05:38:17Z,76.0
2024-01-18T05:38:27Z,73.0
2024-01-18T05:38:32Z,69.0
2024-01-18T05:38:37Z,68.0
2024-01-18T05:38:42Z,69.0
2024-01-18T05:38:47Z,70.0
2024-01-18T05:38:52Z,73.0
2024-01-18T05:39:02Z,72.0
2024-01-18T05:39:07Z,73.0
2024-01-18T05:39:17Z,72.0
2024-01-18T05:39:22Z,73.0
2024-01-18T05:39:32Z,75.0
2024-01-18T05:39:37Z,79.0
2024-01-18T05:39:42Z,80.0
2024-01-18T05:39:47Z,77.0
2024-01-18T05:39:52Z,75.0
2024-01-18T05:39:57Z,75.0
2024-01-18T08:02:33Z,49.0
2024-01-18T08:02:38Z,89.0
2024-01-18T08:02:43Z,95.0
2024-01-18T08:02:48Z,103.0
2024-01-18T08:02:53Z,99.0
2024-01-18T08:02:58Z,95.0
2024-01-18T08:03:03Z,90.0
2024-01-18T08:03:08Z,89.0
2024-01-18T08:03:13Z,91.0
2024-01-18T08:03:18Z,93.0
2024-01-18T08:03:23Z,96.0
2024-01-18T08:03:38Z,95.0
2024-01-18T08:03:43Z,92.0
2024-01-18T08:03:48Z,94.0
2024-01-18T08:03:53Z,95.0
2024-01-18T08:03:58Z,97.0
2024-01-18T08:04:03Z,98.0
2024-01-18T08:04:08Z,96.0
2024-01-18T08:04:13Z,92.0
2024-01-18T08:04:18Z,86.0
2024-01-18T08:04:23Z,82.0
2024-01-18T08:04:33Z,80.0
2024-01-18T08:04:38Z,82.0
2024-01-18T08:04:48Z,79.0
2024-01-18T08:04:53Z,77.0
2024-01-18T08:04:58Z,72.0
2024-01-18T08:05:03Z,71.0
2024-01-18T08:05:08Z,70.0
2024-01-18T08:05:13Z,71.0
2024-01-18T08:05:18Z,70.0
2024-01-18T08:05:23Z,69.0
2024-01-18T08:05:28Z,67.0
2024-01-18T08:05:38Z,68.0
2024-01-18T08:05:48Z,70.0
2024-01-18T08:05:53Z,73.0
2024-01-18T08:06:08Z,73.0
2024-01-18T08:06:13Z,71.0
2024-01-18T08:06:18Z,68.0
2024-01-18T08:06:23Z,67.0
2024-01-18T08:06:38Z,67.0
2024-01-18T08:06:43Z,69.0
2024-01-18T08:06:48Z,70.0
2024-01-18T08:06:53Z,69.0
2024-01-18T08:06:58Z,67.0
2024-01-18T08:07:03Z,66.0
2024-01-18T08:07:09Z,68.0
2024-01-18T08:07:14Z,70.0
2024-01-18T08:07:19Z,68.0
2024-01-18T08:07:24Z,67.0
2024-01-18T08:07:35Z,68.0
2024-01-18T08:07:40Z,69.0
2024-01-18T08:07:45Z,71.0
2024-01-18T08:07:50Z,72.0
2024-01-18T08:07:55Z,73.0
2024-01-18T08:08:00Z,74.0
2024-01-18T08:08:05Z,79.0
2024-01-18T08:08:10Z,81.0
2024-01-18T08:08:15Z,85.0
2024-01-18T08:08:21Z,82.0
2024-01-18T08:08:26Z,83.0
2024-01-18T08:08:31Z,86.0
2024-01-18T08:08:36Z,91.0
2024-01-18T08:08:41Z,95.0
2024-01-18T08:08:46Z,94.0
2024-01-18T08:08:51Z,96.0
2024-01-18T08:08:56Z,97.0
2024-01-18T08:09:01Z,96.0
2024-01-18T08:09:06Z,99.0
2024-01-18T08:09:13Z,101.0
2024-01-18T08:09:18Z,98.0
2024-01-18T08:09:23Z,96.0
2024-01-18T08:09:28Z,98.0
2024-01-18T08:09:33Z,92.0
2024-01-18T08:09:38Z,89.0
2024-01-18T08:09:43Z,93.0
2024-01-18T08:09:48Z,92.0
2024-01-18T08:09:53Z,88.0
2024-01-18T08:09:58Z,85.0
2024-01-18T08:10:03Z,84.0
2024-01-18T08:10:08Z,81.0
2024-01-18T08:10:13Z,80.0
2024-01-18T08:10:23Z,82.0
2024-01-18T08:10:28Z,83.0
2024-01-18T08:10:33Z,85.0
2024-01-18T08:10:38Z,80.0
2024-01-18T08:10:43Z,79.0
2024-01-18T08:10:48Z,80.0
2024-01-18T08:10:53Z,81.0
2024-01-18T08:10:58Z,82.0
2024-01-18T08:11:03Z,81.0
2024-01-18T08:11:08Z,82.0
2024-01-18T08:11:13Z,85.0
2024-01-18T08:11:18Z,87.0
2024-01-18T08:11:23Z,89.0
2024-01-18T08:11:28Z,94.0
2024-01-18T08:11:33Z,95.0
2024-01-18T08:11:38Z,99.0
2024-01-18T08:11:43Z,101.0
2024-01-18T08:11:48Z,104.0
2024-01-18T08:11:53Z,109.0
2024-01-18T08:12:03Z,111.0
2024-01-18T08:12:08Z,113.0
2024-01-18T08:12:13Z,120.0
2024-01-18T08:12:18Z,109.0
2024-01-18T08:12:23Z,112.0
2024-01-18T08:12:28Z,113.0
2024-01-18T08:12:33Z,124.0
2024-01-18T08:12:38Z,131.0
2024-01-18T08:12:43Z,126.0
2024-01-18T08:12:48Z,122.0
2024-01-18T08:12:53Z,118.0
2024-01-18T08:12:58Z,100.0
2024-01-18T08:13:03Z,89.0
2024-01-18T08:13:08Z,92.0
2024-01-18T08:13:13Z,96.0
2024-01-18T08:13:23Z,101.0
2024-01-18T08:13:28Z,95.0
2024-01-18T08:13:33Z,87.0
2024-01-18T08:13:38Z,88.0
2024-01-18T08:13:48Z,86.0
2024-01-18T08:13:53Z,84.0
2024-01-18T08:13:58Z,85.0
2024-01-18T08:14:03Z,87.0
2024-01-18T08:14:08Z,89.0
2024-01-18T08:14:13Z,91.0
2024-01-18T08:14:18Z,94.0
2024-01-18T08:14:23Z,97.0
2024-01-18T08:14:28Z,102.0
2024-01-18T08:14:33Z,103.0
2024-01-18T08:14:38Z,101.0
2024-01-18T08:14:43Z,102.0
2024-01-18T08:14:48Z,101.0
2024-01-18T08:14:53Z,103.0
2024-01-18T08:14:58Z,106.0
2024-01-18T08:15:03Z,108.0
2024-01-18T08:15:08Z,111.0
2024-01-18T08:15:13Z,115.0
2024-01-18T08:15:18Z,116.0
2024-01-18T08:15:23Z,112.0
2024-01-18T08:15:28Z,113.0
2024-01-18T08:15:35Z,112.0
2024-01-18T08:15:38Z,112.0
2024-01-18T08:15:39Z,111.0
2024-01-18T08:15:41Z,109.0
2024-01-18T08:15:44Z,107.0
2024-01-18T08:15:46Z,108.0
2024-01-18T08:15:47Z,107.0
2024-01-18T08:15:49Z,106.0
2024-01-18T08:15:51Z,105.0
2024-01-18T08:15:52Z,104.0
2024-01-18T08:15:53Z,103.0
2024-01-18T08:15:55Z,102.0
2024-01-18T08:15:56Z,101.0
2024-01-18T08:15:57Z,100.0
2024-01-18T08:16:00Z,99.0
2024-01-18T08:16:01Z,98.0
2024-01-18T08:16:04Z,98.0
2024-01-18T08:16:05Z,99.0
2024-01-18T08:16:07Z,100.0
2024-01-18T08:16:10Z,100.0
2024-01-18T08:16:13Z,100.0
2024-01-18T08:16:14Z,95.0
2024-01-18T08:16:15Z,94.0
2024-01-18T08:16:16Z,95.0
2024-01-18T08:16:19Z,93.0
2024-01-18T08:16:20Z,92.0
2024-01-18T08:16:21Z,93.0
2024-01-18T08:16:22Z,93.0
2024-01-18T08:16:23Z,95.0
2024-01-18T08:16:24Z,94.0
2024-01-18T08:16:26Z,96.0
2024-01-18T08:16:28Z,97.0
2024-01-18T08:16:29Z,98.0
2024-01-18T08:16:32Z,99.0
2024-01-18T08:16:33Z,100.0
2024-01-18T08:16:34Z,102.0
2024-01-18T08:16:37Z,104.0
2024-01-18T08:16:38Z,103.0
2024-01-18T08:16:41Z,103.0
2024-01-18T08:16:42Z,102.0
2024-01-18T08:16:44Z,100.0
2024-01-18T08:16:46Z,99.0
2024-01-18T08:16:47Z,98.0
2024-01-18T08:16:48Z,99.0
2024-01-18T08:16:51Z,100.0
2024-01-18T08:16:54Z,100.0
2024-01-18T08:16:55Z,101.0
2024-01-18T08:16:56Z,100.0
2024-01-18T08:16:57Z,99.0
2024-01-18T08:16:59Z,98.0
2024-01-18T08:17:00Z,97.0
2024-01-18T08:17:03Z,97.0
2024-01-18T08:17:05Z,96.0
2024-01-18T08:17:08Z,97.0
2024-01-18T08:17:09Z,99.0
2024-01-18T08:17:10Z,98.0
2024-01-18T08:17:13Z,99.0
2024-01-18T08:17:16Z,98.0
2024-01-18T08:17:18Z,104.0
2024-01-18T08:17:19Z,101.0
2024-01-18T08:17:20Z,102.0
2024-01-18T08:17:22Z,99.0
2024-01-18T08:17:23Z,98.0
2024-01-18T08:17:24Z,97.0
2024-01-18T08:17:25Z,98.0
2024-01-18T08:17:28Z,99.0
2024-01-18T08:17:29Z,101.0
2024-01-18T08:17:31Z,103.0
2024-01-18T08:17:32Z,105.0
2024-01-18T08:17:33Z,106.0
2024-01-18T08:17:34Z,104.0
2024-01-18T08:17:36Z,105.0
2024-01-18T08:17:37Z,102.0
2024-01-18T08:17:40Z,102.0
2024-01-18T08:17:41Z,104.0
2024-01-18T08:17:42Z,103.0
2024-01-18T08:17:43Z,106.0
2024-01-18T08:17:46Z,112.0
2024-01-18T08:17:49Z,112.0
2024-01-18T08:17:50Z,110.0
2024-01-18T08:17:51Z,113.0
2024-01-18T08:17:52Z,114.0
2024-01-18T08:17:55Z,110.0
2024-01-18T08:17:56Z,112.0
2024-01-18T08:17:58Z,115.0
2024-01-18T08:17:59Z,117.0
2024-01-18T08:18:00Z,116.0
2024-01-18T08:18:01Z,117.0
2024-01-18T08:18:03Z,116.0
2024-01-18T08:18:04Z,119.0
2024-01-18T08:18:05Z,121.0
2024-01-18T08:18:06Z,120.0
2024-01-18T08:18:08Z,122.0
2024-01-18T08:18:11Z,121.0
2024-01-18T08:18:13Z,119.0
2024-01-18T08:18:14Z,115.0
2024-01-18T08:18:15Z,111.0
2024-01-18T08:18:17Z,113.0
2024-01-18T08:18:18Z,110.0
2024-01-18T08:18:19Z,108.0
2024-01-18T08:18:21Z,107.0
2024-01-18T08:18:22Z,105.0
2024-01-18T08:18:23Z,103.0
2024-01-18T08:18:24Z,100.0
2024-01-18T08:18:27Z,99.0
2024-01-18T08:18:30Z,99.0
2024-01-18T08:18:31Z,101.0
2024-01-18T08:18:32Z,100.0
2024-01-18T08:18:33Z,102.0
2024-01-18T08:18:35Z,100.0
2024-01-18T08:18:36Z,99.0
2024-01-18T08:18:37Z,98.0
2024-01-18T08:18:38Z,99.0
2024-01-18T08:18:40Z,98.0
2024-01-18T08:18:41Z,99.0
2024-01-18T08:18:44Z,100.0
2024-01-18T08:18:47Z,100.0
2024-01-18T08:18:50Z,100.0
2024-01-18T08:18:53Z,100.0
2024-01-18T08:18:55Z,101.0
2024-01-18T08:18:58Z,102.0
2024-01-18T08:19:01Z,102.0
2024-01-18T08:19:03Z,101.0
2024-01-18T08:19:05Z,99.0
2024-01-18T08:19:07Z,99.0
2024-01-18T08:19:08Z,98.0
2024-01-18T08:19:10Z,98.0
2024-01-18T08:19:12Z,97.0
2024-01-18T08:19:13Z,96.0
2024-01-18T08:19:14Z,95.0
2024-01-18T08:19:16Z,94.0
2024-01-18T08:19:17Z,93.0
2024-01-18T08:19:19Z,94.0
2024-01-18T08:19:22Z,95.0
2024-01-18T08:19:23Z,96.0
2024-01-18T08:19:24Z,96.0
2024-01-18T08:19:26Z,98.0
2024-01-18T08:19:28Z,99.0
2024-01-18T08:19:31Z,101.0
2024-01-18T08:19:32Z,102.0
2024-01-18T08:19:33Z,103.0
2024-01-18T08:19:35Z,104.0
2024-01-18T08:19:36Z,106.0
2024-01-18T08:19:37Z,107.0
2024-01-18T08:19:40Z,107.0
2024-01-18T08:19:42Z,108.0
2024-01-18T08:19:44Z,106.0
2024-01-18T08:19:45Z,107.0
2024-01-18T08:19:46Z,106.0
2024-01-18T08:19:48Z,107.0
2024-01-18T08:19:49Z,106.0
2024-01-18T08:19:50Z,105.0
2024-01-18T08:19:51Z,104.0
2024-01-18T08:19:54Z,104.0
2024-01-18T08:19:56Z,102.0
2024-01-18T08:19:58Z,104.0
2024-01-18T08:19:59Z,106.0
2024-01-18T08:20:00Z,107.0
2024-01-18T08:20:02Z,106.0
2024-01-18T08:20:05Z,106.0
2024-01-18T08:20:07Z,105.0
2024-01-18T08:20:09Z,104.0
2024-01-18T08:20:10Z,104.0
2024-01-18T08:20:12Z,106.0
2024-01-18T08:20:13Z,108.0
2024-01-18T08:20:14Z,110.0
2024-01-18T08:20:16Z,111.0
2024-01-18T08:20:17Z,112.0
2024-01-18T08:20:18Z,114.0
2024-01-18T08:20:19Z,113.0
2024-01-18T08:20:21Z,115.0
2024-01-18T08:20:23Z,118.0
2024-01-18T08:20:26Z,119.0
2024-01-18T08:20:27Z,120.0
2024-01-18T08:20:29Z,122.0
2024-01-18T08:20:30Z,121.0
2024-01-18T08:20:31Z,122.0
2024-01-18T08:20:32Z,123.0
2024-01-18T08:20:34Z,124.0
2024-01-18T08:20:36Z,123.0
2024-01-18T08:20:37Z,124.0
2024-01-18T08:20:40Z,125.0
2024-01-18T08:20:41Z,124.0
2024-01-18T08:20:44Z,124.0
2024-01-18T08:20:47Z,124.0
2024-01-18T08:20:49Z,123.0
2024-01-18T08:20:50Z,121.0
2024-01-18T08:20:51Z,118.0
2024-01-18T08:20:53Z,116.0
2024-01-18T08:20:54Z,115.0
2024-01-18T08:20:55Z,113.0
2024-01-18T08:20:57Z,114.0
2024-01-18T08:20:58Z,111.0
2024-01-18T08:21:01Z,110.0
2024-01-18T08:21:02Z,108.0
2024-01-18T08:21:05Z,108.0
2024-01-18T08:21:08Z,107.0
2024-01-18T08:21:11Z,106.0
2024-01-18T08:21:12Z,104.0
2024-01-18T08:21:13Z,103.0
2024-01-18T08:21:16Z,102.0
2024-01-18T08:21:18Z,103.0
2024-01-18T08:21:21Z,103.0
2024-01-18T08:21:22Z,104.0
2024-01-18T08:21:24Z,105.0
2024-01-18T08:21:27Z,106.0
2024-01-18T08:21:30Z,106.0
2024-01-18T08:21:31Z,107.0
2024-01-18T08:21:32Z,106.0
2024-01-18T08:21:35Z,106.0
2024-01-18T08:21:36Z,104.0
2024-01-18T08:21:38Z,102.0
2024-01-18T08:21:40Z,101.0
2024-01-18T08:21:43Z,101.0
2024-01-18T08:21:44Z,100.0
2024-01-18T08:21:45Z,101.0
2024-01-18T08:21:46Z,101.0
2024-01-18T08:21:47Z,100.0
2024-01-18T08:21:48Z,99.0
2024-01-18T08:21:51Z,99.0
2024-01-18T08:21:54Z,99.0
2024-01-18T08:21:56Z,102.0
2024-01-18T08:21:57Z,104.0
2024-01-18T08:21:59Z,106.0
2024-01-18T08:22:01Z,105.0
2024-01-18T08:22:02Z,109.0
2024-01-18T08:22:03Z,108.0
2024-01-18T08:22:04Z,109.0
2024-01-18T08:22:06Z,110.0
2024-01-18T08:22:07Z,112.0
2024-01-18T08:22:08Z,111.0
2024-01-18T08:22:11Z,112.0
2024-01-18T08:22:14Z,112.0
2024-01-18T08:22:17Z,112.0
2024-01-18T08:22:19Z,113.0
2024-01-18T08:22:20Z,112.0
2024-01-18T08:22:21Z,113.0
2024-01-18T08:22:22Z,112.0
2024-01-18T08:22:25Z,112.0
2024-01-18T08:22:28Z,113.0
2024-01-18T08:22:30Z,115.0
2024-01-18T08:22:33Z,116.0
2024-01-18T08:22:35Z,117.0
2024-01-18T08:22:36Z,116.0
2024-01-18T08:22:39Z,115.0
2024-01-18T08:22:42Z,115.0
2024-01-18T08:22:43Z,114.0
2024-01-18T08:22:46Z,113.0
2024-01-18T08:22:48Z,112.0
2024-01-18T08:22:49Z,111.0
2024-01-18T08:22:51Z,110.0
2024-01-18T08:22:52Z,109.0
2024-01-18T08:22:53Z,108.0
2024-01-18T08:22:54Z,107.0
2024-01-18T08:22:56Z,105.0
2024-01-18T08:22:57Z,103.0
2024-01-18T08:23:00Z,103.0
2024-01-18T08:23:01Z,106.0
2024-01-18T08:23:02Z,107.0
2024-01-18T08:23:03Z,108.0
2024-01-18T08:23:06Z,109.0
2024-01-18T08:23:07Z,107.0
2024-01-18T08:23:09Z,108.0
2024-01-18T08:23:10Z,109.0
2024-01-18T08:23:13Z,109.0
2024-01-18T08:23:16Z,109.0
2024-01-18T08:23:19Z,108.0
2024-01-18T08:23:20Z,106.0
2024-01-18T08:23:21Z,103.0
2024-01-18T08:23:23Z,102.0
2024-01-18T08:23:24Z,101.0
2024-01-18T08:23:27Z,101.0
2024-01-18T08:23:28Z,102.0
2024-01-18T08:23:29Z,103.0
2024-01-18T08:23:30Z,105.0
2024-01-18T08:23:32Z,106.0
2024-01-18T08:23:33Z,107.0
2024-01-18T08:23:34Z,106.0
2024-01-18T08:23:37Z,105.0
2024-01-18T08:23:38Z,103.0
2024-01-18T08:23:41Z,103.0
2024-01-18T08:23:43Z,104.0
2024-01-18T08:23:44Z,103.0
2024-01-18T08:23:47Z,104.0
2024-01-18T08:23:48Z,100.0
2024-01-18T08:23:49Z,95.0
2024-01-18T08:23:51Z,98.0
2024-01-18T08:23:52Z,100.0
2024-01-18T08:23:53Z,103.0
2024-01-18T08:23:55Z,104.0
2024-01-18T08:23:56Z,106.0
2024-01-18T08:23:57Z,110.0
2024-01-18T08:23:58Z,113.0
2024-01-18T08:24:00Z,117.0
2024-01-18T08:24:01Z,121.0
2024-01-18T08:24:02Z,123.0
2024-01-18T08:24:04Z,125.0
2024-01-18T08:24:05Z,126.0
2024-01-18T08:24:06Z,127.0
2024-01-18T08:24:07Z,129.0
2024-01-18T08:24:09Z,130.0
2024-01-18T08:24:10Z,129.0
2024-01-18T08:24:11Z,130.0
2024-01-18T08:24:12Z,131.0
2024-01-18T08:24:14Z,130.0
2024-01-18T08:24:15Z,133.0
2024-01-18T08:24:18Z,134.0
2024-01-18T08:24:19Z,133.0
2024-01-18T08:24:22Z,133.0
2024-01-18T08:24:24Z,131.0
2024-01-18T08:24:25Z,127.0
2024-01-18T08:24:27Z,124.0
2024-01-18T08:24:28Z,126.0
2024-01-18T08:24:29Z,122.0
2024-01-18T08:24:30Z,120.0
2024-01-18T08:24:32Z,117.0
2024-01-18T08:24:33Z,116.0
2024-01-18T08:24:34Z,115.0
2024-01-18T08:24:37Z,114.0
2024-01-18T08:24:38Z,115.0
2024-01-18T08:24:41Z,114.0
2024-01-18T08:24:42Z,113.0
2024-01-18T08:24:45Z,113.0
2024-01-18T08:24:48Z,114.0
2024-01-18T08:24:49Z,114.0
2024-01-18T08:24:52Z,112.0
2024-01-18T08:24:53Z,114.0
2024-01-18T08:24:55Z,115.0
2024-01-18T08:24:56Z,117.0
2024-01-18T08:24:57Z,116.0
2024-01-18T08:24:59Z,115.0
2024-01-18T08:25:00Z,114.0
2024-01-18T08:25:01Z,116.0
2024-01-18T08:25:02Z,115.0
2024-01-18T08:25:04Z,113.0
2024-01-18T08:25:05Z,112.0
2024-01-18T08:25:07Z,111.0
2024-01-18T08:25:10Z,110.0
2024-01-18T08:25:11Z,111.0
2024-01-18T08:25:14Z,111.0
2024-01-18T08:25:15Z,110.0
2024-01-18T08:25:18Z,110.0
2024-01-18T08:25:20Z,109.0
2024-01-18T08:25:23Z,108.0
2024-01-18T08:25:24Z,109.0
2024-01-18T08:25:27Z,109.0
2024-01-18T08:25:28Z,108.0
2024-01-18T08:25:31Z,107.0
2024-01-18T08:25:33Z,109.0
2024-01-18T08:25:34Z,108.0
2024-01-18T08:25:36Z,106.0
2024-01-18T08:25:37Z,105.0
2024-01-18T08:25:39Z,106.0
2024-01-18T08:25:42Z,106.0
2024-01-18T08:25:43Z,107.0
2024-01-18T08:25:45Z,108.0
2024-01-18T08:25:46Z,106.0
2024-01-18T08:25:47Z,107.0
2024-01-18T08:25:49Z,108.0
2024-01-18T08:25:50Z,109.0
2024-01-18T08:25:53Z,109.0
2024-01-18T08:25:54Z,108.0
2024-01-18T08:25:55Z,107.0
2024-01-18T08:25:56Z,106.0
2024-01-18T08:25:57Z,105.0
2024-01-18T08:25:59Z,104.0
2024-01-18T08:26:00Z,103.0
2024-01-18T08:26:03Z,103.0
2024-01-18T08:26:06Z,104.0
2024-01-18T08:26:09Z,104.0
2024-01-18T08:26:12Z,105.0
2024-01-18T08:26:15Z,104.0
2024-01-18T08:26:18Z,104.0
2024-01-18T08:26:21Z,104.0
2024-01-18T08:26:24Z,104.0
2024-01-18T08:26:26Z,103.0
2024-01-18T08:26:27Z,102.0
2024-01-18T08:26:28Z,101.0
2024-01-18T08:26:29Z,101.0
2024-01-18T08:26:32Z,101.0
2024-01-18T08:26:34Z,101.0
2024-01-18T08:26:36Z,100.0
2024-01-18T08:26:37Z,99.0
2024-01-18T08:26:38Z,98.0
2024-01-18T08:26:41Z,98.0
2024-01-18T08:26:42Z,99.0
2024-01-18T08:26:45Z,99.0
2024-01-18T08:26:46Z,98.0
2024-01-18T08:26:47Z,99.0
2024-01-18T08:26:49Z,98.0
2024-01-18T08:26:51Z,99.0
2024-01-18T08:26:52Z,102.0
2024-01-18T08:26:54Z,104.0
2024-01-18T08:26:55Z,105.0
2024-01-18T08:26:56Z,107.0
2024-01-18T08:26:58Z,105.0
2024-01-18T08:26:59Z,104.0
2024-01-18T08:27:00Z,106.0
2024-01-18T08:27:01Z,105.0
2024-01-18T08:27:04Z,105.0
2024-01-18T08:27:05Z,108.0
2024-01-18T08:27:08Z,107.0
2024-01-18T08:27:11Z,107.0
2024-01-18T08:27:12Z,106.0
2024-01-18T08:27:13Z,105.0
2024-01-18T08:27:14Z,106.0
2024-01-18T08:27:16Z,108.0
2024-01-18T08:27:17Z,107.0
2024-01-18T08:27:18Z,109.0
2024-01-18T08:27:19Z,110.0
2024-01-18T08:27:21Z,112.0
2024-01-18T08:27:22Z,110.0
2024-01-18T08:27:23Z,112.0
2024-01-18T08:27:24Z,115.0
2024-01-18T08:27:27Z,109.0
2024-01-18T08:27:28Z,113.0
2024-01-18T08:27:30Z,111.0
2024-01-18T08:27:31Z,115.0
2024-01-18T08:27:32Z,114.0
2024-01-18T08:27:34Z,113.0
2024-01-18T08:27:35Z,117.0
2024-01-18T08:27:36Z,121.0
2024-01-18T08:27:37Z,122.0
2024-01-18T08:27:39Z,123.0
2024-01-18T08:27:42Z,122.0
2024-01-18T08:27:44Z,120.0
2024-01-18T08:27:45Z,119.0
2024-01-18T08:27:46Z,116.0
2024-01-18T08:27:47Z,115.0
2024-01-18T08:27:50Z,113.0
2024-01-18T08:27:53Z,112.0
2024-01-18T08:27:55Z,111.0
2024-01-18T08:27:56Z,111.0
2024-01-18T08:27:57Z,111.0
2024-01-18T08:27:58Z,111.0
2024-01-18T08:27:59Z,111.0
2024-01-18T08:28:00Z,110.0
2024-01-18T08:28:01Z,110.0
2024-01-18T08:28:04Z,109.0
2024-01-18T08:28:07Z,109.0
2024-01-18T08:28:08Z,110.0
2024-01-18T08:28:11Z,109.0
2024-01-18T08:28:12Z,108.0
2024-01-18T08:28:13Z,106.0
2024-01-18T08:28:16Z,107.0
2024-01-18T08:28:18Z,108.0
2024-01-18T08:28:21Z,107.0
2024-01-18T08:28:22Z,106.0
2024-01-18T08:28:25Z,105.0
2024-01-18T08:28:27Z,104.0
2024-01-18T08:28:30Z,104.0
2024-01-18T08:28:31Z,103.0
2024-01-18T08:28:34Z,103.0
2024-01-18T08:28:37Z,102.0
2024-01-18T08:28:39Z,101.0
2024-01-18T08:28:40Z,102.0
2024-01-18T08:28:42Z,101.0
2024-01-18T08:28:44Z,99.0
2024-01-18T08:28:45Z,102.0
2024-01-18T08:28:46Z,101.0
2024-01-18T08:28:48Z,102.0
2024-01-18T08:28:49Z,103.0
2024-01-18T08:28:50Z,104.0
2024-01-18T08:28:52Z,103.0
2024-01-18T08:28:53Z,102.0
2024-01-18T08:28:54Z,102.0
2024-01-18T08:28:55Z,103.0
2024-01-18T08:28:57Z,102.0
2024-01-18T08:28:59Z,101.0
2024-01-18T08:29:00Z,99.0
2024-01-18T08:29:02Z,98.0
2024-01-18T08:29:03Z,97.0
2024-01-18T08:29:04Z,96.0
2024-01-18T08:29:07Z,96.0
2024-01-18T08:29:08Z,97.0
2024-01-18T08:29:11Z,97.0
2024-01-18T08:29:14Z,97.0
2024-01-18T08:29:15Z,96.0
2024-01-18T08:29:16Z,95.0
2024-01-18T08:29:19Z,95.0
2024-01-18T08:29:22Z,94.0
2024-01-18T08:29:24Z,93.0
2024-01-18T08:29:27Z,94.0
2024-01-18T08:29:29Z,95.0
2024-01-18T08:29:30Z,96.0
2024-01-18T08:29:32Z,97.0
2024-01-18T08:29:33Z,97.0
2024-01-18T08:29:34Z,98.0
2024-01-18T08:29:36Z,97.0
2024-01-18T08:29:38Z,96.0
2024-01-18T08:29:39Z,95.0
2024-01-18T08:29:40Z,94.0
2024-01-18T08:29:43Z,94.0
2024-01-18T08:29:44Z,96.0
2024-01-18T08:29:45Z,97.0
2024-01-18T08:29:47Z,100.0
2024-01-18T08:29:49Z,102.0
2024-01-18T08:29:52Z,104.0
2024-01-18T08:29:54Z,105.0
2024-01-18T08:29:56Z,108.0
2024-01-18T08:29:59Z,109.0
2024-01-18T08:30:02Z,109.0
2024-01-18T08:30:03Z,107.0
2024-01-18T08:30:04Z,108.0
2024-01-18T08:30:06Z,109.0
2024-01-18T08:30:08Z,110.0
2024-01-18T08:30:10Z,113.0
2024-01-18T08:30:11Z,111.0
2024-01-18T08:30:12Z,107.0
2024-01-18T08:30:15Z,109.0
2024-01-18T08:30:16Z,110.0
2024-01-18T08:30:17Z,108.0
2024-01-18T08:30:19Z,111.0
2024-01-18T08:30:20Z,118.0
2024-01-18T08:30:21Z,125.0
2024-01-18T08:30:22Z,120.0
2024-01-18T08:30:25Z,122.0
2024-01-18T08:30:26Z,124.0
2024-01-18T08:30:27Z,125.0
2024-01-18T08:30:29Z,126.0
2024-01-18T08:30:31Z,128.0
2024-01-18T08:30:33Z,129.0
2024-01-18T08:30:35Z,131.0
2024-01-18T08:30:37Z,130.0
2024-01-18T08:30:39Z,128.0
2024-01-18T08:30:40Z,127.0
2024-01-18T08:30:42Z,125.0
2024-01-18T08:30:43Z,123.0
2024-01-18T08:30:44Z,121.0
2024-01-18T08:30:45Z,118.0
2024-01-18T08:30:48Z,119.0
2024-01-18T08:30:49Z,118.0
2024-01-18T08:30:51Z,117.0
2024-01-18T08:30:52Z,116.0
2024-01-18T08:30:54Z,115.0
2024-01-18T08:30:56Z,114.0
2024-01-18T08:30:57Z,113.0
2024-01-18T08:31:00Z,113.0
2024-01-18T08:31:03Z,113.0
2024-01-18T08:31:05Z,114.0
2024-01-18T08:31:06Z,115.0
2024-01-18T08:31:07Z,116.0
2024-01-18T08:31:09Z,117.0
2024-01-18T08:31:10Z,118.0
2024-01-18T08:31:11Z,119.0
2024-01-18T08:31:12Z,120.0
2024-01-18T08:31:15Z,120.0
2024-01-18T08:31:17Z,119.0
2024-01-18T08:31:19Z,118.0
2024-01-18T08:31:21Z,117.0
2024-01-18T08:31:22Z,116.0
2024-01-18T08:31:24Z,114.0
2024-01-18T08:31:25Z,112.0
2024-01-18T08:31:26Z,111.0
2024-01-18T08:31:28Z,110.0
2024-01-18T08:31:29Z,109.0
2024-01-18T08:31:30Z,108.0
2024-01-18T08:31:33Z,109.0
2024-01-18T08:31:34Z,108.0
2024-01-18T08:31:35Z,107.0
2024-01-18T08:31:37Z,105.0
2024-01-18T08:31:38Z,104.0
2024-01-18T08:31:41Z,104.0
2024-01-18T08:31:43Z,105.0
2024-01-18T08:31:46Z,105.0
2024-01-18T08:31:48Z,106.0
2024-01-18T08:31:49Z,107.0
2024-01-18T08:31:50Z,107.0
2024-01-18T08:31:52Z,105.0
2024-01-18T08:31:55Z,104.0
2024-01-18T08:31:57Z,103.0
2024-01-18T08:31:58Z,104.0
2024-01-18T08:32:01Z,103.0
2024-01-18T08:32:02Z,100.0
2024-01-18T08:32:04Z,100.0
2024-01-18T08:32:05Z,98.0
2024-01-18T08:32:07Z,98.0
2024-01-18T08:32:08Z,98.0
2024-01-18T08:32:09Z,99.0
2024-01-18T08:32:10Z,101.0
2024-01-18T08:32:11Z,102.0
2024-01-18T08:32:12Z,103.0
2024-01-18T08:32:14Z,104.0
2024-01-18T08:32:17Z,104.0
2024-01-18T08:32:18Z,103.0
2024-01-18T08:32:19Z,102.0
2024-01-18T08:32:20Z,101.0
2024-01-18T08:32:21Z,99.0
2024-01-18T08:32:23Z,98.0
2024-01-18T08:32:26Z,98.0
2024-01-18T08:32:27Z,100.0
2024-01-18T08:32:28Z,102.0
2024-01-18T08:32:30Z,101.0
2024-01-18T08:32:32Z,100.0
2024-01-18T08:32:33Z,100.0
2024-01-18T08:32:34Z,98.0
2024-01-18T08:32:35Z,99.0
2024-01-18T08:32:37Z,98.0
2024-01-18T08:32:38Z,99.0
2024-01-18T08:32:41Z,99.0
2024-01-18T08:32:42Z,98.0
2024-01-18T08:32:44Z,97.0
2024-01-18T08:32:46Z,98.0
2024-01-18T08:32:48Z,99.0
2024-01-18T08:32:51Z,99.0
2024-01-18T08:32:52Z,98.0
2024-01-18T08:32:55Z,97.0
2024-01-18T08:32:57Z,96.0
2024-01-18T08:33:00Z,96.0
2024-01-18T08:33:02Z,96.0
2024-01-18T08:33:03Z,96.0
2024-01-18T08:33:04Z,97.0
2024-01-18T08:33:05Z,96.0
2024-01-18T08:33:06Z,95.0
2024-01-18T08:33:09Z,96.0
2024-01-18T08:33:11Z,98.0
2024-01-18T08:33:14Z,98.0
2024-01-18T08:33:15Z,97.0
2024-01-18T08:33:18Z,97.0
2024-01-18T08:33:19Z,98.0
2024-01-18T08:33:20Z,99.0
2024-01-18T08:33:21Z,99.0
2024-01-18T08:33:22Z,100.0
2024-01-18T08:33:25Z,101.0
2024-01-18T08:33:28Z,100.0
2024-01-18T08:33:29Z,99.0
2024-01-18T08:33:31Z,98.0
2024-01-18T08:33:32Z,97.0
2024-01-18T08:33:33Z,96.0
2024-01-18T08:33:36Z,95.0
2024-01-18T08:33:38Z,94.0
2024-01-18T08:33:41Z,95.0
2024-01-18T08:33:42Z,96.0
2024-01-18T08:33:43Z,97.0
2024-01-18T08:33:45Z,98.0
2024-01-18T08:33:48Z,98.0
2024-01-18T08:33:49Z,99.0
2024-01-18T08:33:50Z,97.0
2024-01-18T08:33:53Z,97.0
2024-01-18T08:33:54Z,99.0
2024-01-18T08:33:55Z,100.0
2024-01-18T08:33:56Z,101.0
2024-01-18T08:33:57Z,105.0
2024-01-18T08:34:00Z,106.0
2024-01-18T08:34:01Z,105.0
2024-01-18T08:34:03Z,104.0
2024-01-18T08:34:04Z,102.0
2024-01-18T08:34:05Z,101.0
2024-01-18T08:34:06Z,100.0
2024-01-18T08:34:09Z,101.0
2024-01-18T08:34:10Z,103.0
2024-01-18T08:34:13Z,105.0
2024-01-18T08:34:16Z,105.0
2024-01-18T08:34:17Z,107.0
2024-01-18T08:34:18Z,108.0
2024-01-18T08:34:19Z,110.0
2024-01-18T08:34:20Z,111.0
2024-01-18T08:34:22Z,109.0
2024-01-18T08:34:23Z,111.0
2024-01-18T08:34:24Z,110.0
2024-01-18T08:34:27Z,108.0
2024-01-18T08:34:28Z,114.0
2024-01-18T08:34:29Z,115.0
2024-01-18T08:34:31Z,118.0
2024-01-18T08:34:32Z,119.0
2024-01-18T08:34:33Z,122.0
2024-01-18T08:34:35Z,125.0
2024-01-18T08:34:36Z,127.0
2024-01-18T08:34:37Z,126.0
2024-01-18T08:34:38Z,128.0
2024-01-18T08:34:40Z,126.0
2024-01-18T08:34:41Z,120.0
2024-01-18T08:34:42Z,118.0
2024-01-18T08:34:44Z,117.0
2024-01-18T08:34:45Z,116.0
2024-01-18T08:34:46Z,117.0
2024-01-18T08:34:47Z,116.0
2024-01-18T08:34:50Z,115.0
2024-01-18T08:34:53Z,115.0
2024-01-18T08:34:56Z,115.0
2024-01-18T08:34:58Z,114.0
2024-01-18T08:35:00Z,113.0
2024-01-18T08:35:03Z,113.0
2024-01-18T08:35:04Z,111.0
2024-01-18T08:35:07Z,111.0
2024-01-18T08:35:08Z,110.0
2024-01-18T08:35:09Z,111.0
2024-01-18T08:35:10Z,110.0
2024-01-18T08:35:12Z,108.0
2024-01-18T08:35:13Z,107.0
2024-01-18T08:35:14Z,105.0
2024-01-18T08:35:17Z,105.0
2024-01-18T08:35:20Z,105.0
2024-01-18T08:35:21Z,106.0
2024-01-18T08:35:23Z,105.0
2024-01-18T08:35:24Z,104.0
2024-01-18T08:35:26Z,102.0
2024-01-18T08:35:27Z,101.0
2024-01-18T08:35:28Z,99.0
2024-01-18T08:35:30Z,99.0
2024-01-18T08:35:33Z,99.0
2024-01-18T08:35:36Z,98.0
2024-01-18T08:35:37Z,98.0
2024-01-18T08:35:40Z,98.0
2024-01-18T08:35:42Z,99.0
2024-01-18T08:35:45Z,98.0
2024-01-18T08:35:46Z,98.0
2024-01-18T08:35:47Z,97.0
2024-01-18T08:35:50Z,98.0
2024-01-18T08:35:53Z,99.0
2024-01-18T08:35:54Z,100.0
2024-01-18T08:35:55Z,101.0
2024-01-18T08:35:57Z,103.0
2024-01-18T08:35:58Z,105.0
2024-01-18T08:36:00Z,104.0
2024-01-18T08:36:02Z,103.0
2024-01-18T08:36:03Z,104.0
2024-01-18T08:36:06Z,104.0
2024-01-18T08:36:07Z,105.0
2024-01-18T08:36:08Z,107.0
2024-01-18T08:36:10Z,108.0
2024-01-18T08:36:13Z,108.0
2024-01-18T08:36:16Z,109.0
2024-01-18T08:36:18Z,107.0
2024-01-18T08:36:20Z,106.0
2024-01-18T08:36:21Z,107.0
2024-01-18T08:36:23Z,106.0
2024-01-18T08:36:25Z,107.0
2024-01-18T08:36:27Z,109.0
2024-01-18T08:36:28Z,108.0
2024-01-18T08:36:30Z,110.0
2024-01-18T08:36:31Z,111.0
2024-01-18T08:36:34Z,111.0
2024-01-18T08:36:37Z,110.0
2024-01-18T08:36:39Z,109.0
2024-01-18T08:36:40Z,108.0
2024-01-18T08:36:43Z,108.0
2024-01-18T08:36:44Z,107.0
2024-01-18T08:36:47Z,107.0
2024-01-18T08:36:48Z,106.0
2024-01-18T08:36:49Z,109.0
2024-01-18T08:36:52Z,110.0
2024-01-18T08:36:53Z,109.0
2024-01-18T08:36:54Z,108.0
2024-01-18T08:36:57Z,107.0
2024-01-18T08:37:00Z,108.0
2024-01-18T08:37:03Z,108.0
2024-01-18T08:37:06Z,108.0
2024-01-18T08:37:08Z,107.0
2024-01-18T08:37:09Z,106.0
2024-01-18T08:37:11Z,105.0
2024-01-18T08:37:12Z,103.0
2024-01-18T08:37:15Z,103.0
2024-01-18T08:37:16Z,105.0
2024-01-18T08:37:19Z,105.0
2024-01-18T08:37:22Z,105.0
2024-01-18T08:37:23Z,105.0
2024-01-18T08:37:24Z,106.0
2024-01-18T08:37:26Z,108.0
2024-01-18T08:37:27Z,107.0
2024-01-18T08:37:30Z,105.0
2024-01-18T08:37:31Z,103.0
2024-01-18T08:37:34Z,103.0
2024-01-18T08:37:35Z,104.0
2024-01-18T08:37:36Z,105.0
2024-01-18T08:37:38Z,104.0
2024-01-18T08:37:41Z,104.0
2024-01-18T08:37:42Z,105.0
2024-01-18T08:37:43Z,104.0
2024-01-18T08:37:45Z,106.0
2024-01-18T08:37:47Z,108.0
2024-01-18T08:37:48Z,110.0
2024-01-18T08:37:49Z,107.0
2024-01-18T08:37:50Z,115.0
2024-01-18T08:37:52Z,111.0
2024-01-18T08:37:53Z,112.0
2024-01-18T08:37:54Z,110.0
2024-01-18T08:37:55Z,114.0
2024-01-18T08:37:57Z,113.0
2024-01-18T08:37:58Z,112.0
2024-01-18T08:37:59Z,108.0
2024-01-18T08:38:01Z,111.0
2024-01-18T08:38:02Z,114.0
2024-01-18T08:38:03Z,117.0
2024-01-18T08:38:05Z,118.0
2024-01-18T08:38:06Z,122.0
2024-01-18T08:38:08Z,123.0
2024-01-18T08:38:10Z,127.0
2024-01-18T08:38:11Z,129.0
2024-01-18T08:38:14Z,129.0
2024-01-18T08:38:15Z,130.0
2024-01-18T08:38:16Z,132.0
2024-01-18T08:38:17Z,133.0
2024-01-18T08:38:19Z,134.0
2024-01-18T08:38:20Z,135.0
2024-01-18T08:38:21Z,136.0
2024-01-18T08:38:22Z,133.0
2024-01-18T08:38:24Z,130.0
2024-01-18T08:38:25Z,129.0
2024-01-18T08:38:26Z,130.0
2024-01-18T08:38:27Z,124.0
2024-01-18T08:38:29Z,127.0
2024-01-18T08:38:30Z,126.0
2024-01-18T08:38:31Z,125.0
2024-01-18T08:38:33Z,123.0
2024-01-18T08:38:34Z,122.0
2024-01-18T08:38:37Z,120.0
2024-01-18T08:38:38Z,119.0
2024-01-18T08:38:39Z,117.0
2024-01-18T08:38:40Z,117.0
2024-01-18T08:38:43Z,117.0
2024-01-18T08:38:44Z,115.0
2024-01-18T08:38:45Z,116.0
2024-01-18T08:38:48Z,117.0
2024-01-18T08:38:50Z,118.0
2024-01-18T08:38:52Z,117.0
2024-01-18T08:38:53Z,118.0
2024-01-18T08:38:54Z,117.0
2024-01-18T08:38:56Z,118.0
2024-01-18T08:38:59Z,118.0
2024-01-18T08:39:02Z,118.0
2024-01-18T08:39:05Z,118.0
2024-01-18T08:39:07Z,117.0
2024-01-18T08:39:10Z,116.0
2024-01-18T08:39:12Z,115.0
2024-01-18T08:39:14Z,113.0
2024-01-18T08:39:16Z,112.0
2024-01-18T08:39:19Z,112.0
2024-01-18T08:39:22Z,112.0
2024-01-18T08:39:24Z,111.0
2024-01-18T08:39:25Z,110.0
2024-01-18T08:39:28Z,109.0
2024-01-18T08:39:31Z,109.0
2024-01-18T08:39:33Z,108.0
2024-01-18T08:39:35Z,109.0
2024-01-18T08:39:37Z,110.0
2024-01-18T08:39:38Z,112.0
2024-01-18T08:39:39Z,114.0
2024-01-18T08:39:42Z,114.0
2024-01-18T08:39:44Z,112.0
2024-01-18T08:39:46Z,111.0
2024-01-18T08:39:49Z,110.0
2024-01-18T08:39:51Z,108.0
2024-01-18T08:39:52Z,107.0
2024-01-18T08:39:53Z,105.0
2024-01-18T08:39:55Z,104.0
2024-01-18T08:39:57Z,101.0
2024-01-18T08:40:00Z,102.0
2024-01-18T08:40:01Z,103.0
2024-01-18T08:40:02Z,104.0
2024-01-18T08:40:03Z,105.0
2024-01-18T08:40:06Z,103.0
2024-01-18T08:40:07Z,102.0
2024-01-18T08:40:09Z,100.0
2024-01-18T08:40:10Z,101.0
2024-01-18T08:40:12Z,103.0
2024-01-18T08:40:14Z,105.0
2024-01-18T08:40:16Z,104.0
2024-01-18T08:40:18Z,100.0
2024-01-18T08:40:20Z,98.0
2024-01-18T08:40:22Z,97.0
2024-01-18T08:40:23Z,96.0
2024-01-18T08:40:24Z,95.0
2024-01-18T08:40:25Z,95.0
2024-01-18T08:40:28Z,95.0
2024-01-18T08:40:29Z,96.0
2024-01-18T08:40:32Z,95.0
2024-01-18T08:40:33Z,95.0
2024-01-18T08:40:34Z,95.0
2024-01-18T08:40:37Z,95.0
2024-01-18T08:40:40Z,95.0
2024-01-18T08:40:43Z,95.0
2024-01-18T08:40:46Z,96.0
2024-01-18T08:40:47Z,95.0
2024-01-18T08:40:50Z,95.0
2024-01-18T08:40:51Z,96.0
2024-01-18T08:40:52Z,97.0
2024-01-18T08:40:53Z,99.0
2024-01-18T08:40:55Z,101.0
2024-01-18T08:40:56Z,102.0
2024-01-18T08:40:57Z,104.0
2024-01-18T08:41:00Z,104.0
2024-01-18T08:41:01Z,103.0
2024-01-18T08:41:02Z,100.0
2024-01-18T08:41:04Z,99.0
2024-01-18T08:41:05Z,100.0
2024-01-18T08:41:06Z,99.0
2024-01-18T08:41:08Z,100.0
2024-01-18T08:41:10Z,101.0
2024-01-18T08:41:13Z,101.0
2024-01-18T08:41:14Z,100.0
2024-01-18T08:41:17Z,100.0
2024-01-18T08:41:18Z,101.0
2024-01-18T08:41:19Z,100.0
2024-01-18T08:41:20Z,101.0
2024-01-18T08:41:23Z,101.0
2024-01-18T08:41:24Z,100.0
2024-01-18T08:41:25Z,101.0
2024-01-18T08:41:27Z,102.0
2024-01-18T08:41:28Z,103.0
2024-01-18T08:41:31Z,103.0
2024-01-18T08:41:32Z,102.0
2024-01-18T08:41:35Z,102.0
2024-01-18T08:41:37Z,104.0
2024-01-18T08:41:38Z,106.0
2024-01-18T08:41:41Z,106.0
2024-01-18T08:41:44Z,106.0
2024-01-18T08:41:46Z,107.0
2024-01-18T08:41:47Z,108.0
2024-01-18T08:41:50Z,109.0
2024-01-18T08:41:52Z,111.0
2024-01-18T08:41:54Z,110.0
2024-01-18T08:41:57Z,110.0
2024-01-18T08:41:59Z,108.0
2024-01-18T08:42:00Z,106.0
2024-01-18T08:42:01Z,105.0
2024-01-18T08:42:03Z,104.0
2024-01-18T08:42:04Z,103.0
2024-01-18T08:42:05Z,105.0
2024-01-18T08:42:06Z,104.0
2024-01-18T08:42:08Z,105.0
2024-01-18T08:42:09Z,102.0
2024-01-18T08:42:10Z,104.0
2024-01-18T08:42:12Z,101.0
2024-01-18T08:42:13Z,100.0
2024-01-18T08:42:15Z,105.0
2024-01-18T08:42:18Z,105.0
2024-01-18T08:42:19Z,106.0
2024-01-18T08:42:20Z,105.0
2024-01-18T08:42:22Z,106.0
2024-01-18T08:42:23Z,105.0
2024-01-18T08:42:24Z,107.0
2024-01-18T08:42:27Z,111.0
2024-01-18T08:42:28Z,114.0
2024-01-18T08:42:29Z,111.0
2024-01-18T08:42:31Z,109.0
2024-01-18T08:42:32Z,111.0
2024-01-18T08:42:33Z,110.0
2024-01-18T08:42:35Z,113.0
2024-01-18T08:42:36Z,117.0
2024-01-18T08:42:37Z,120.0
2024-01-18T08:42:38Z,122.0
2024-01-18T08:42:40Z,121.0
2024-01-18T08:42:42Z,120.0
2024-01-18T08:42:43Z,115.0
2024-01-18T08:42:45Z,114.0
2024-01-18T08:42:48Z,114.0
2024-01-18T08:42:49Z,112.0
2024-01-18T08:42:52Z,113.0
2024-01-18T08:42:54Z,114.0
2024-01-18T08:42:55Z,113.0
2024-01-18T08:42:58Z,112.0
2024-01-18T08:42:59Z,113.0
2024-01-18T08:43:00Z,111.0
2024-01-18T08:43:01Z,110.0
2024-01-18T08:43:04Z,110.0
2024-01-18T08:43:05Z,109.0
2024-01-18T08:43:07Z,110.0
2024-01-18T08:43:08Z,111.0
2024-01-18T08:43:11Z,111.0
2024-01-18T08:43:13Z,110.0
2024-01-18T08:43:14Z,109.0
2024-01-18T08:43:16Z,108.0
2024-01-18T08:43:17Z,107.0
2024-01-18T08:43:18Z,106.0
2024-01-18T08:43:19Z,105.0
2024-01-18T08:43:22Z,105.0
2024-01-18T08:43:23Z,106.0
2024-01-18T08:43:24Z,108.0
2024-01-18T08:43:26Z,109.0
2024-01-18T08:43:27Z,110.0
2024-01-18T08:43:28Z,110.0
2024-01-18T08:43:31Z,110.0
2024-01-18T08:43:32Z,109.0
2024-01-18T08:43:35Z,109.0
2024-01-18T08:43:37Z,110.0
2024-01-18T08:43:39Z,111.0
2024-01-18T08:43:40Z,112.0
2024-01-18T08:43:41Z,113.0
2024-01-18T08:43:42Z,112.0
2024-01-18T08:43:44Z,111.0
2024-01-18T08:43:45Z,109.0
2024-01-18T08:43:46Z,108.0
2024-01-18T08:43:47Z,106.0
2024-01-18T08:43:50Z,106.0
2024-01-18T08:43:51Z,107.0
2024-01-18T08:43:54Z,107.0
2024-01-18T08:43:55Z,106.0
2024-01-18T08:43:58Z,105.0
2024-01-18T08:44:01Z,105.0
2024-01-18T08:44:02Z,106.0
2024-01-18T08:44:03Z,107.0
2024-01-18T08:44:04Z,106.0
2024-01-18T08:44:07Z,106.0
2024-01-18T08:44:09Z,105.0
2024-01-18T08:44:11Z,103.0
2024-01-18T08:44:12Z,104.0
2024-01-18T08:44:15Z,104.0
2024-01-18T08:44:16Z,104.0
2024-01-18T08:44:19Z,104.0
2024-01-18T08:44:22Z,103.0
2024-01-18T08:44:23Z,104.0
2024-01-18T08:44:25Z,103.0
2024-01-18T08:44:28Z,102.0
2024-01-18T08:44:31Z,102.0
2024-01-18T08:44:32Z,103.0
2024-01-18T08:44:34Z,105.0
2024-01-18T08:44:35Z,106.0
2024-01-18T08:44:38Z,107.0
2024-01-18T08:44:39Z,109.0
2024-01-18T08:44:40Z,110.0
2024-01-18T08:44:43Z,110.0
2024-01-18T08:44:44Z,111.0
2024-01-18T08:44:45Z,112.0
2024-01-18T08:44:48Z,112.0
2024-01-18T08:44:49Z,113.0
2024-01-18T08:44:50Z,114.0
2024-01-18T08:44:51Z,115.0
2024-01-18T08:44:53Z,116.0
2024-01-18T08:44:54Z,117.0
2024-01-18T08:44:55Z,119.0
2024-01-18T08:44:57Z,120.0
2024-01-18T08:44:58Z,121.0
2024-01-18T08:45:01Z,121.0
2024-01-18T08:45:02Z,122.0
2024-01-18T08:45:03Z,122.0
2024-01-18T08:45:06Z,123.0
2024-01-18T08:45:09Z,123.0
2024-01-18T08:45:11Z,124.0
2024-01-18T08:45:14Z,124.0
2024-01-18T08:45:15Z,125.0
2024-01-18T08:45:16Z,126.0
2024-01-18T08:45:18Z,125.0
2024-01-18T08:45:20Z,124.0
2024-01-18T08:45:21Z,123.0
2024-01-18T08:45:22Z,120.0
2024-01-18T08:45:23Z,118.0
2024-01-18T08:45:25Z,116.0
2024-01-18T08:45:26Z,115.0
2024-01-18T08:45:27Z,116.0
2024-01-18T08:45:30Z,116.0
2024-01-18T08:45:31Z,117.0
2024-01-18T08:45:33Z,116.0
2024-01-18T08:45:34Z,115.0
2024-01-18T08:45:35Z,114.0
2024-01-18T08:45:36Z,113.0
2024-01-18T08:45:38Z,111.0
2024-01-18T08:45:39Z,110.0
2024-01-18T08:45:41Z,109.0
2024-01-18T08:45:43Z,108.0
2024-01-18T08:45:46Z,108.0
2024-01-18T08:45:48Z,107.0
2024-01-18T08:45:49Z,106.0
2024-01-18T08:45:52Z,106.0
2024-01-18T08:45:55Z,106.0
2024-01-18T08:45:57Z,107.0
2024-01-18T08:45:59Z,106.0
2024-01-18T08:46:01Z,107.0
2024-01-18T08:46:03Z,108.0
2024-01-18T08:46:04Z,109.0
2024-01-18T08:46:06Z,110.0
2024-01-18T08:46:07Z,109.0
2024-01-18T08:46:08Z,113.0
2024-01-18T08:46:10Z,114.0
2024-01-18T08:46:11Z,116.0
2024-01-18T08:46:12Z,117.0
2024-01-18T08:46:15Z,119.0
2024-01-18T08:46:16Z,120.0
2024-01-18T08:46:17Z,121.0
2024-01-18T08:46:18Z,122.0
2024-01-18T08:46:20Z,121.0
2024-01-18T08:46:22Z,120.0
2024-01-18T08:46:24Z,119.0
2024-01-18T08:46:25Z,118.0
2024-01-18T08:46:28Z,117.0
2024-01-18T08:46:29Z,116.0
2024-01-18T08:46:30Z,115.0
2024-01-18T08:46:31Z,116.0
2024-01-18T08:46:34Z,115.0
2024-01-18T08:46:35Z,116.0
2024-01-18T08:46:38Z,117.0
2024-01-18T08:46:40Z,118.0
2024-01-18T08:46:43Z,118.0
2024-01-18T08:46:45Z,119.0
2024-01-18T08:46:48Z,118.0
2024-01-18T08:46:51Z,118.0
2024-01-18T08:46:52Z,117.0
2024-01-18T08:46:55Z,117.0
2024-01-18T08:46:56Z,116.0
2024-01-18T08:46:57Z,114.0
2024-01-18T08:46:58Z,115.0
2024-01-18T08:47:00Z,114.0
2024-01-18T08:47:02Z,113.0
2024-01-18T08:47:03Z,112.0
2024-01-18T08:47:06Z,112.0
2024-01-18T08:47:07Z,111.0
2024-01-18T08:47:08Z,110.0
2024-01-18T08:47:11Z,110.0
2024-01-18T08:47:12Z,108.0
2024-01-18T08:47:14Z,106.0
2024-01-18T08:47:17Z,106.0
2024-01-18T08:47:20Z,107.0
2024-01-18T08:47:21Z,108.0
2024-01-18T08:47:23Z,109.0
2024-01-18T08:47:24Z,110.0
2024-01-18T08:47:27Z,110.0
2024-01-18T08:47:28Z,110.0
2024-01-18T08:47:31Z,110.0
2024-01-18T08:47:33Z,111.0
2024-01-18T08:47:34Z,110.0
2024-01-18T08:47:35Z,111.0
2024-01-18T08:47:37Z,112.0
2024-01-18T08:47:38Z,113.0
2024-01-18T08:47:39Z,114.0
2024-01-18T08:47:40Z,115.0
2024-01-18T08:47:43Z,115.0
2024-01-18T08:47:46Z,118.0
2024-01-18T08:47:47Z,122.0
2024-01-18T08:47:48Z,120.0
2024-01-18T08:47:50Z,123.0
2024-01-18T08:47:51Z,122.0
2024-01-18T08:47:52Z,123.0
2024-01-18T08:47:55Z,124.0
2024-01-18T08:47:57Z,125.0
2024-01-18T08:48:00Z,125.0
2024-01-18T08:48:02Z,126.0
2024-01-18T08:48:03Z,127.0
2024-01-18T08:48:06Z,128.0
2024-01-18T08:48:07Z,127.0
2024-01-18T08:48:09Z,129.0
2024-01-18T08:48:12Z,129.0
2024-01-18T08:48:13Z,130.0
2024-01-18T08:48:16Z,131.0
2024-01-18T08:48:17Z,131.0
2024-01-18T08:48:20Z,129.0
2024-01-18T08:48:21Z,127.0
2024-01-18T08:48:23Z,126.0
2024-01-18T08:48:24Z,123.0
2024-01-18T08:48:25Z,120.0
2024-01-18T08:48:27Z,121.0
2024-01-18T08:48:28Z,118.0
2024-01-18T08:48:29Z,113.0
2024-01-18T08:48:30Z,114.0
2024-01-18T08:48:32Z,113.0
2024-01-18T08:48:33Z,112.0
2024-01-18T08:48:34Z,113.0
2024-01-18T08:48:35Z,115.0
2024-01-18T08:48:37Z,113.0
2024-01-18T08:48:38Z,111.0
2024-01-18T08:48:41Z,110.0
2024-01-18T08:48:42Z,111.0
2024-01-18T08:48:43Z,114.0
2024-01-18T08:48:45Z,116.0
2024-01-18T08:48:47Z,115.0
2024-01-18T08:48:48Z,116.0
2024-01-18T08:48:50Z,115.0
2024-01-18T08:48:52Z,118.0
2024-01-18T08:48:53Z,119.0
2024-01-18T08:48:56Z,118.0
2024-01-18T08:48:59Z,118.0
2024-01-18T08:49:00Z,115.0
2024-01-18T08:49:03Z,115.0
2024-01-18T08:49:04Z,116.0
2024-01-18T08:49:05Z,115.0
2024-01-18T08:49:06Z,116.0
2024-01-18T08:49:08Z,115.0
2024-01-18T08:49:10Z,114.0
2024-01-18T08:49:11Z,113.0
2024-01-18T08:49:13Z,112.0
2024-01-18T08:49:14Z,110.0
2024-01-18T08:49:16Z,109.0
2024-01-18T08:49:19Z,109.0
2024-01-18T08:49:22Z,109.0
2024-01-18T08:49:23Z,110.0
2024-01-18T08:49:26Z,110.0
2024-01-18T08:49:28Z,111.0
2024-01-18T08:49:29Z,112.0
2024-01-18T08:49:31Z,111.0
2024-01-18T08:49:34Z,110.0
2024-01-18T08:49:36Z,109.0
2024-01-18T08:49:38Z,108.0
2024-01-18T08:49:40Z,107.0
2024-01-18T08:49:43Z,108.0
2024-01-18T08:49:45Z,107.0
2024-01-18T08:49:48Z,108.0
2024-01-18T08:49:51Z,107.0
2024-01-18T08:49:54Z,107.0
2024-01-18T08:49:55Z,107.0
2024-01-18T08:49:56Z,108.0
2024-01-18T08:49:59Z,108.0
2024-01-18T08:50:00Z,109.0
2024-01-18T08:50:01Z,110.0
2024-01-18T08:50:04Z,109.0
2024-01-18T08:50:07Z,109.0
2024-01-18T08:50:10Z,109.0
2024-01-18T08:50:12Z,110.0
2024-01-18T08:50:13Z,113.0
2024-01-18T08:50:15Z,114.0
2024-01-18T08:50:17Z,113.0
2024-01-18T08:50:19Z,111.0
2024-01-18T08:50:20Z,109.0
2024-01-18T08:50:22Z,108.0
2024-01-18T08:50:24Z,109.0
2024-01-18T08:50:27Z,110.0
2024-01-18T08:50:30Z,110.0
2024-01-18T08:50:31Z,109.0
2024-01-18T08:50:32Z,110.0
2024-01-18T08:50:33Z,111.0
2024-01-18T08:50:35Z,110.0
2024-01-18T08:50:36Z,110.0
2024-01-18T08:50:39Z,110.0
2024-01-18T08:50:42Z,110.0
2024-01-18T08:50:43Z,109.0
2024-01-18T08:50:45Z,110.0
2024-01-18T08:50:46Z,110.0
2024-01-18T08:50:49Z,111.0
2024-01-18T08:50:50Z,112.0
2024-01-18T08:50:51Z,113.0
2024-01-18T08:50:54Z,114.0
2024-01-18T08:50:57Z,114.0
2024-01-18T08:51:00Z,113.0
2024-01-18T08:51:03Z,112.0
2024-01-18T08:51:05Z,110.0
2024-01-18T08:51:08Z,111.0
2024-01-18T08:51:09Z,110.0
2024-01-18T08:51:12Z,110.0
2024-01-18T08:51:13Z,116.0
2024-01-18T08:51:14Z,110.0
2024-01-18T08:51:16Z,107.0
2024-01-18T08:51:17Z,111.0
2024-01-18T08:51:18Z,113.0
2024-01-18T08:51:19Z,115.0
2024-01-18T08:51:21Z,117.0
2024-01-18T08:51:22Z,120.0
2024-01-18T08:51:23Z,122.0
2024-01-18T08:51:24Z,123.0
2024-01-18T08:51:26Z,124.0
2024-01-18T08:51:28Z,122.0
2024-01-18T08:51:30Z,124.0
2024-01-18T08:51:31Z,122.0
2024-01-18T08:51:32Z,124.0
2024-01-18T08:51:33Z,126.0
2024-01-18T08:51:35Z,127.0
2024-01-18T08:51:36Z,128.0
2024-01-18T08:51:39Z,128.0
2024-01-18T08:51:40Z,127.0
2024-01-18T08:51:41Z,125.0
2024-01-18T08:51:42Z,124.0
2024-01-18T08:51:44Z,122.0
2024-01-18T08:51:45Z,121.0
2024-01-18T08:51:47Z,120.0
2024-01-18T08:51:49Z,118.0
2024-01-18T08:51:50Z,117.0
2024-01-18T08:51:51Z,116.0
2024-01-18T08:51:53Z,115.0
2024-01-18T08:51:54Z,114.0
2024-01-18T08:51:57Z,114.0
2024-01-18T08:51:58Z,113.0
2024-01-18T08:51:59Z,112.0
2024-01-18T08:52:02Z,111.0
2024-01-18T08:52:04Z,110.0
2024-01-18T08:52:07Z,110.0
2024-01-18T08:52:08Z,109.0
2024-01-18T08:52:09Z,108.0
2024-01-18T08:52:12Z,108.0
2024-01-18T08:52:13Z,107.0
2024-01-18T08:52:16Z,108.0
2024-01-18T08:52:18Z,107.0
2024-01-18T08:52:19Z,107.0
2024-01-18T08:52:20Z,107.0
2024-01-18T08:52:21Z,106.0
2024-01-18T08:52:22Z,106.0
2024-01-18T08:52:25Z,107.0
2024-01-18T08:52:26Z,108.0
2024-01-18T08:52:29Z,108.0
2024-01-18T08:52:31Z,107.0
2024-01-18T08:52:32Z,106.0
2024-01-18T08:52:35Z,106.0
2024-01-18T08:52:38Z,106.0
2024-01-18T08:52:40Z,105.0
2024-01-18T08:52:42Z,105.0
2024-01-18T08:52:43Z,104.0
2024-01-18T08:52:44Z,104.0
2024-01-18T08:52:45Z,104.0
2024-01-18T08:52:46Z,104.0
2024-01-18T08:52:49Z,103.0
2024-01-18T08:52:52Z,102.0
2024-01-18T08:52:53Z,103.0
2024-01-18T08:52:54Z,102.0
2024-01-18T08:52:57Z,103.0
2024-01-18T08:52:58Z,102.0
2024-01-18T08:52:59Z,101.0
2024-01-18T08:53:00Z,101.0
2024-01-18T08:53:01Z,101.0
2024-01-18T08:53:02Z,100.0
2024-01-18T08:53:03Z,99.0
2024-01-18T08:53:04Z,100.0
2024-01-18T08:53:06Z,101.0
2024-01-18T08:53:07Z,102.0
2024-01-18T08:53:09Z,103.0
2024-01-18T08:53:11Z,104.0
2024-01-18T08:53:14Z,104.0
2024-01-18T08:53:15Z,106.0
2024-01-18T08:53:16Z,105.0
2024-01-18T08:53:19Z,105.0
2024-01-18T08:53:20Z,107.0
2024-01-18T08:53:22Z,110.0
2024-01-18T08:53:25Z,112.0
2024-01-18T08:53:26Z,113.0
2024-01-18T08:53:27Z,115.0
2024-01-18T08:53:29Z,116.0
2024-01-18T08:53:30Z,117.0
2024-01-18T08:53:31Z,118.0
2024-01-18T08:53:32Z,120.0
2024-01-18T08:53:35Z,121.0
2024-01-18T08:53:36Z,120.0
2024-01-18T08:53:38Z,123.0
2024-01-18T08:53:39Z,127.0
2024-01-18T08:53:40Z,123.0
2024-01-18T08:53:41Z,121.0
2024-01-18T08:53:43Z,125.0
2024-01-18T08:53:44Z,129.0
2024-01-18T08:53:45Z,131.0
2024-01-18T08:53:47Z,132.0
2024-01-18T08:53:48Z,133.0
2024-01-18T08:53:49Z,135.0
2024-01-18T08:53:52Z,135.0
2024-01-18T08:53:53Z,134.0
2024-01-18T08:53:54Z,133.0
2024-01-18T08:53:56Z,128.0
2024-01-18T08:53:57Z,126.0
2024-01-18T08:53:58Z,125.0
2024-01-18T08:53:59Z,126.0
2024-01-18T08:54:01Z,127.0
2024-01-18T08:54:02Z,126.0
2024-01-18T08:54:03Z,125.0
2024-01-18T08:54:04Z,124.0
2024-01-18T08:54:06Z,126.0
2024-01-18T08:54:07Z,125.0
2024-01-18T08:54:10Z,126.0
2024-01-18T08:54:11Z,130.0
2024-01-18T08:54:14Z,129.0
2024-01-18T08:54:16Z,130.0
2024-01-18T08:54:17Z,131.0
2024-01-18T08:54:19Z,130.0
2024-01-18T08:54:20Z,131.0
2024-01-18T08:54:21Z,130.0
2024-01-18T08:54:24Z,129.0
2024-01-18T08:54:25Z,128.0
2024-01-18T08:54:26Z,128.0
2024-01-18T08:54:27Z,127.0
2024-01-18T08:54:30Z,126.0
2024-01-18T08:54:33Z,125.0
2024-01-18T08:54:36Z,125.0
2024-01-18T08:54:38Z,126.0
2024-01-18T08:54:40Z,127.0
2024-01-18T08:54:42Z,129.0
2024-01-18T08:54:43Z,132.0
2024-01-18T08:54:46Z,132.0
2024-01-18T08:54:49Z,132.0
2024-01-18T08:54:51Z,131.0
2024-01-18T08:54:52Z,130.0
2024-01-18T08:54:53Z,129.0
2024-01-18T08:54:56Z,129.0
2024-01-18T08:54:57Z,128.0
2024-01-18T08:54:59Z,127.0
2024-01-18T08:55:01Z,126.0
2024-01-18T08:55:03Z,125.0
2024-01-18T08:55:05Z,124.0
2024-01-18T08:55:06Z,123.0
2024-01-18T08:55:07Z,122.0
2024-01-18T08:55:09Z,123.0
2024-01-18T08:55:10Z,120.0
2024-01-18T08:55:11Z,121.0
2024-01-18T08:55:14Z,121.0
2024-01-18T08:55:15Z,120.0
2024-01-18T08:55:16Z,120.0
2024-01-18T08:55:17Z,119.0
2024-01-18T08:55:19Z,120.0
2024-01-18T08:55:20Z,119.0
2024-01-18T08:55:23Z,119.0
2024-01-18T08:55:25Z,118.0
2024-01-18T08:55:28Z,119.0
2024-01-18T08:55:29Z,118.0
2024-01-18T08:55:30Z,117.0
2024-01-18T08:55:32Z,116.0
2024-01-18T08:55:34Z,115.0
2024-01-18T08:55:35Z,113.0
2024-01-18T08:55:37Z,115.0
2024-01-18T08:55:38Z,116.0
2024-01-18T08:55:39Z,117.0
2024-01-18T08:55:42Z,117.0
2024-01-18T08:55:43Z,116.0
2024-01-18T08:55:46Z,115.0
2024-01-18T08:55:47Z,114.0
2024-01-18T08:55:48Z,113.0
2024-01-18T08:55:49Z,112.0
2024-01-18T08:55:51Z,110.0
2024-01-18T08:55:52Z,108.0
2024-01-18T08:55:53Z,108.0
2024-01-18T08:55:54Z,108.0
2024-01-18T08:55:55Z,108.0
2024-01-18T08:55:57Z,108.0
2024-01-18T08:55:58Z,108.0
2024-01-18T08:56:01Z,107.0
2024-01-18T08:56:02Z,105.0
2024-01-18T08:56:03Z,105.0
2024-01-18T08:56:04Z,104.0
2024-01-18T08:56:07Z,105.0
2024-01-18T08:56:10Z,104.0
2024-01-18T08:56:13Z,104.0
2024-01-18T08:56:14Z,105.0
2024-01-18T08:56:16Z,106.0
2024-01-18T08:56:18Z,108.0
2024-01-18T08:56:19Z,109.0
2024-01-18T08:56:20Z,111.0
2024-01-18T08:56:23Z,113.0
2024-01-18T08:56:24Z,111.0
2024-01-18T08:56:25Z,113.0
2024-01-18T08:56:27Z,112.0
2024-01-18T08:56:28Z,113.0
2024-01-18T08:56:29Z,111.0
2024-01-18T08:56:30Z,114.0
2024-01-18T08:56:33Z,115.0
2024-01-18T08:56:34Z,116.0
2024-01-18T08:56:36Z,119.0
2024-01-18T08:56:38Z,121.0
2024-01-18T08:56:39Z,122.0
2024-01-18T08:56:41Z,125.0
2024-01-18T08:56:42Z,128.0
2024-01-18T08:56:43Z,132.0
2024-01-18T08:56:44Z,135.0
2024-01-18T08:56:46Z,138.0
2024-01-18T08:56:47Z,139.0
2024-01-18T08:56:48Z,137.0
2024-01-18T08:56:50Z,140.0
2024-01-18T08:56:53Z,140.0
2024-01-18T08:56:54Z,138.0
2024-01-18T08:56:55Z,139.0
2024-01-18T08:56:58Z,139.0
2024-01-18T08:56:59Z,137.0
2024-01-18T08:57:01Z,134.0
2024-01-18T08:57:02Z,131.0
2024-01-18T08:57:04Z,129.0
2024-01-18T08:57:05Z,128.0
2024-01-18T08:57:06Z,129.0
2024-01-18T08:57:07Z,127.0
2024-01-18T08:57:09Z,125.0
2024-01-18T08:57:10Z,124.0
2024-01-18T08:57:11Z,122.0
2024-01-18T08:57:13Z,121.0
2024-01-18T08:57:16Z,121.0
2024-01-18T08:57:17Z,118.0
2024-01-18T08:57:18Z,116.0
2024-01-18T08:57:19Z,115.0
2024-01-18T08:57:20Z,117.0
2024-01-18T08:57:22Z,116.0
2024-01-18T08:57:23Z,116.0
2024-01-18T08:57:24Z,115.0
2024-01-18T08:57:25Z,116.0
2024-01-18T08:57:27Z,115.0
2024-01-18T08:57:28Z,114.0
2024-01-18T08:57:29Z,113.0
2024-01-18T08:57:31Z,112.0
2024-01-18T08:57:32Z,111.0
2024-01-18T08:57:34Z,110.0
2024-01-18T08:57:37Z,110.0
2024-01-18T08:57:38Z,109.0
2024-01-18T08:57:41Z,109.0
2024-01-18T08:57:43Z,108.0
2024-01-18T08:57:45Z,109.0
2024-01-18T08:57:47Z,110.0
2024-01-18T08:57:49Z,109.0
2024-01-18T08:57:52Z,109.0
2024-01-18T08:57:54Z,108.0
2024-01-18T08:57:55Z,107.0
2024-01-18T08:57:57Z,108.0
2024-01-18T08:57:59Z,109.0
2024-01-18T08:58:00Z,110.0
2024-01-18T08:58:01Z,111.0
2024-01-18T08:58:04Z,110.0
2024-01-18T08:58:05Z,109.0
2024-01-18T08:58:06Z,113.0
2024-01-18T08:58:09Z,117.0
2024-01-18T08:58:10Z,119.0
2024-01-18T08:58:13Z,119.0
2024-01-18T08:58:14Z,120.0
2024-01-18T08:58:15Z,119.0
2024-01-18T08:58:17Z,120.0
2024-01-18T08:58:18Z,119.0
2024-01-18T08:58:19Z,120.0
2024-01-18T08:58:20Z,119.0
2024-01-18T08:58:22Z,125.0
2024-01-18T08:58:23Z,129.0
2024-01-18T08:58:24Z,128.0
2024-01-18T08:58:26Z,129.0
2024-01-18T08:58:27Z,130.0
2024-01-18T08:58:28Z,128.0
2024-01-18T08:58:29Z,127.0
2024-01-18T08:58:31Z,125.0
2024-01-18T08:58:32Z,123.0
2024-01-18T08:58:35Z,121.0
2024-01-18T08:58:36Z,120.0
2024-01-18T08:58:37Z,121.0
2024-01-18T08:58:38Z,119.0
2024-01-18T08:58:40Z,120.0
2024-01-18T08:58:41Z,121.0
2024-01-18T08:58:42Z,118.0
2024-01-18T08:58:45Z,118.0
2024-01-18T08:58:46Z,117.0
2024-01-18T08:58:47Z,118.0
2024-01-18T08:58:48Z,118.0
2024-01-18T08:58:50Z,120.0
2024-01-18T08:58:51Z,121.0
2024-01-18T08:58:52Z,122.0
2024-01-18T08:58:54Z,123.0
2024-01-18T08:58:55Z,124.0
2024-01-18T08:58:58Z,124.0
2024-01-18T08:58:59Z,125.0
2024-01-18T08:59:00Z,126.0
2024-01-18T08:59:03Z,127.0
2024-01-18T08:59:04Z,126.0
2024-01-18T08:59:05Z,128.0
2024-01-18T08:59:07Z,127.0
2024-01-18T08:59:08Z,128.0
2024-01-18T08:59:09Z,127.0
2024-01-18T08:59:10Z,130.0
2024-01-18T08:59:12Z,126.0
2024-01-18T08:59:13Z,125.0
2024-01-18T08:59:14Z,126.0
2024-01-18T08:59:16Z,131.0
2024-01-18T08:59:17Z,129.0
2024-01-18T08:59:18Z,131.0
2024-01-18T08:59:19Z,130.0
2024-01-18T08:59:21Z,131.0
2024-01-18T08:59:23Z,132.0
2024-01-18T08:59:24Z,130.0
2024-01-18T08:59:26Z,132.0
2024-01-18T08:59:27Z,131.0
2024-01-18T08:59:30Z,130.0
2024-01-18T08:59:31Z,131.0
2024-01-18T08:59:32Z,130.0
2024-01-18T08:59:35Z,130.0
2024-01-18T08:59:36Z,132.0
2024-01-18T08:59:39Z,133.0
2024-01-18T08:59:40Z,132.0
2024-01-18T08:59:41Z,133.0
2024-01-18T08:59:42Z,134.0
2024-01-18T08:59:45Z,134.0
2024-01-18T08:59:46Z,132.0
2024-01-18T08:59:49Z,131.0
2024-01-18T08:59:50Z,129.0
2024-01-18T08:59:51Z,127.0
2024-01-18T08:59:53Z,126.0
2024-01-18T08:59:56Z,126.0
2024-01-18T08:59:57Z,126.0
2024-01-18T08:59:58Z,127.0
2024-01-18T09:00:00Z,126.0
2024-01-18T09:00:03Z,126.0
2024-01-18T09:00:06Z,126.0
2024-01-18T09:00:08Z,125.0
2024-01-18T09:00:09Z,124.0
2024-01-18T09:00:11Z,123.0
2024-01-18T09:00:12Z,122.0
2024-01-18T09:00:13Z,124.0
2024-01-18T09:00:14Z,123.0
2024-01-18T09:00:17Z,119.0
2024-01-18T09:00:18Z,118.0
2024-01-18T09:00:20Z,117.0
2024-01-18T09:00:21Z,116.0
2024-01-18T09:00:22Z,117.0
2024-01-18T09:00:23Z,118.0
2024-01-18T09:00:25Z,119.0
2024-01-18T09:00:26Z,121.0
2024-01-18T09:00:27Z,122.0
2024-01-18T09:00:30Z,121.0
2024-01-18T09:00:31Z,119.0
2024-01-18T09:00:32Z,118.0
2024-01-18T09:00:35Z,117.0
2024-01-18T09:00:38Z,117.0
2024-01-18T09:00:39Z,116.0
2024-01-18T09:00:40Z,117.0
2024-01-18T09:00:43Z,118.0
2024-01-18T09:00:44Z,117.0
2024-01-18T09:00:45Z,116.0
2024-01-18T09:00:48Z,115.0
2024-01-18T09:00:49Z,117.0
2024-01-18T09:00:50Z,115.0
2024-01-18T09:00:52Z,114.0
2024-01-18T09:00:53Z,115.0
2024-01-18T09:00:54Z,116.0
2024-01-18T09:00:57Z,115.0
2024-01-18T09:00:58Z,115.0
2024-01-18T09:00:59Z,114.0
2024-01-18T09:01:02Z,117.0
2024-01-18T09:01:03Z,119.0
2024-01-18T09:01:04Z,118.0
2024-01-18T09:01:07Z,118.0
2024-01-18T09:01:08Z,117.0
2024-01-18T09:01:09Z,116.0
2024-01-18T09:01:12Z,117.0
2024-01-18T09:01:15Z,116.0
2024-01-18T09:01:17Z,117.0
2024-01-18T09:01:20Z,116.0
2024-01-18T09:01:22Z,115.0
2024-01-18T09:01:24Z,116.0
2024-01-18T09:01:25Z,115.0
2024-01-18T09:01:28Z,115.0
2024-01-18T09:01:29Z,117.0
2024-01-18T09:01:30Z,116.0
2024-01-18T09:01:33Z,116.0
2024-01-18T09:01:35Z,112.0
2024-01-18T09:01:36Z,111.0
2024-01-18T09:01:39Z,112.0
2024-01-18T09:01:41Z,113.0
2024-01-18T09:01:43Z,114.0
2024-01-18T09:01:44Z,115.0
2024-01-18T09:01:45Z,114.0
2024-01-18T09:01:47Z,115.0
2024-01-18T09:01:48Z,115.0
2024-01-18T09:01:49Z,113.0
2024-01-18T09:01:50Z,112.0
2024-01-18T09:01:52Z,113.0
2024-01-18T09:01:53Z,112.0
2024-01-18T09:01:54Z,111.0
2024-01-18T09:01:57Z,110.0
2024-01-18T09:01:58Z,111.0
2024-01-18T09:01:59Z,112.0
2024-01-18T09:02:01Z,113.0
2024-01-18T09:02:03Z,112.0
2024-01-18T09:02:04Z,113.0
2024-01-18T09:02:05Z,113.0
2024-01-18T09:02:06Z,112.0
2024-01-18T09:02:07Z,111.0
2024-01-18T09:02:08Z,110.0
2024-01-18T09:02:10Z,109.0
2024-01-18T09:02:11Z,109.0
2024-01-18T09:02:14Z,108.0
2024-01-18T09:02:15Z,109.0
2024-01-18T09:02:17Z,110.0
2024-01-18T09:02:20Z,109.0
2024-01-18T09:02:21Z,108.0
2024-01-18T09:02:22Z,109.0
2024-01-18T09:02:24Z,108.0
2024-01-18T09:02:27Z,109.0
2024-01-18T09:02:29Z,107.0
2024-01-18T09:02:30Z,105.0
2024-01-18T09:02:31Z,103.0
2024-01-18T09:02:34Z,103.0
2024-01-18T09:02:37Z,103.0
2024-01-18T09:02:39Z,104.0
2024-01-18T09:02:42Z,105.0
2024-01-18T09:02:45Z,105.0
2024-01-18T09:02:47Z,106.0
2024-01-18T09:02:50Z,106.0
2024-01-18T09:02:51Z,105.0
2024-01-18T09:02:54Z,106.0
2024-01-18T09:02:56Z,107.0
2024-01-18T09:02:57Z,108.0
2024-01-18T09:03:00Z,108.0
2024-01-18T09:03:02Z,107.0
2024-01-18T09:03:05Z,106.0
2024-01-18T09:03:07Z,105.0
2024-01-18T09:03:09Z,104.0
2024-01-18T09:03:10Z,105.0
2024-01-18T09:03:12Z,104.0
2024-01-18T09:03:14Z,105.0
2024-01-18T09:03:15Z,104.0
2024-01-18T09:03:18Z,104.0
2024-01-18T09:03:19Z,105.0
2024-01-18T09:03:22Z,105.0
2024-01-18T09:03:23Z,104.0
2024-01-18T09:03:24Z,103.0
2024-01-18T09:03:25Z,103.0
2024-01-18T09:03:26Z,104.0
2024-01-18T09:03:29Z,105.0
2024-01-18T09:03:30Z,107.0
2024-01-18T09:03:32Z,106.0
2024-01-18T09:03:33Z,107.0
2024-01-18T09:03:34Z,106.0
2024-01-18T09:03:35Z,107.0
2024-01-18T09:03:38Z,106.0
2024-01-18T09:03:39Z,108.0
2024-01-18T09:03:40Z,110.0
2024-01-18T09:03:42Z,108.0
2024-01-18T09:03:43Z,106.0
2024-01-18T09:03:46Z,106.0
2024-01-18T09:03:47Z,105.0
2024-01-18T09:03:48Z,106.0
2024-01-18T09:03:49Z,107.0
2024-01-18T09:03:52Z,107.0
2024-01-18T09:03:53Z,108.0
2024-01-18T09:03:55Z,107.0
2024-01-18T09:03:58Z,108.0
2024-01-18T09:04:01Z,108.0
2024-01-18T09:04:04Z,107.0
2024-01-18T09:04:05Z,106.0
2024-01-18T09:04:06Z,105.0
2024-01-18T09:04:09Z,106.0
2024-01-18T09:04:10Z,107.0
2024-01-18T09:04:11Z,107.0
2024-01-18T09:04:12Z,108.0
2024-01-18T09:04:15Z,108.0
2024-01-18T09:04:18Z,106.0
2024-01-18T09:04:20Z,105.0
2024-01-18T09:04:23Z,105.0
2024-01-18T09:04:25Z,106.0
2024-01-18T09:04:27Z,107.0
2024-01-18T09:04:29Z,108.0
2024-01-18T09:39:09Z,113.0
2024-01-18T09:39:12Z,113.0
2024-01-18T09:39:15Z,112.0
2024-01-18T09:39:17Z,111.0
2024-01-18T09:39:20Z,113.0
2024-01-18T09:39:22Z,112.0
2024-01-18T09:39:24Z,111.0
2024-01-18T09:39:25Z,113.0
2024-01-18T09:39:26Z,114.0
2024-01-18T09:39:27Z,113.0
2024-01-18T09:39:29Z,112.0
2024-01-18T09:39:30Z,113.0
2024-01-18T09:39:31Z,116.0
2024-01-18T09:39:33Z,113.0
2024-01-18T09:39:34Z,112.0
2024-01-18T09:39:35Z,117.0
2024-01-18T09:39:38Z,116.0
2024-01-18T09:39:39Z,115.0
2024-01-18T09:39:40Z,116.0
2024-01-18T09:39:41Z,115.0
2024-01-18T09:39:44Z,114.0
2024-01-18T09:39:47Z,113.0
2024-01-18T09:39:48Z,112.0
2024-01-18T09:39:51Z,112.0
2024-01-18T09:39:53Z,113.0
2024-01-18T09:39:56Z,114.0
2024-01-18T09:39:59Z,114.0
2024-01-18T09:40:01Z,115.0
2024-01-18T09:40:03Z,116.0
2024-01-18T09:40:05Z,114.0
2024-01-18T09:40:06Z,113.0
2024-01-18T09:40:08Z,114.0
2024-01-18T09:40:11Z,113.0
2024-01-18T09:40:13Z,114.0
2024-01-18T09:40:14Z,114.0
2024-01-18T09:40:16Z,113.0
2024-01-18T09:40:17Z,112.0
2024-01-18T09:40:20Z,112.0
2024-01-18T09:40:21Z,111.0
2024-01-18T09:40:22Z,110.0
2024-01-18T09:40:24Z,111.0
2024-01-18T09:40:25Z,112.0
2024-01-18T09:40:28Z,113.0
2024-01-18T09:40:30Z,114.0
2024-01-18T09:40:31Z,113.0
2024-01-18T09:40:33Z,114.0
2024-01-18T09:40:35Z,113.0
2024-01-18T09:40:37Z,112.0
2024-01-18T09:40:38Z,111.0
2024-01-18T09:40:39Z,110.0
2024-01-18T09:40:40Z,111.0
2024-01-18T09:40:42Z,110.0
2024-01-18T09:40:44Z,111.0
2024-01-18T09:40:47Z,111.0
2024-01-18T09:40:48Z,112.0
2024-01-18T09:40:51Z,112.0
2024-01-18T09:40:53Z,111.0
2024-01-18T09:40:56Z,111.0
2024-01-18T09:40:58Z,110.0
2024-01-18T09:41:01Z,110.0
2024-01-18T09:41:02Z,111.0
2024-01-18T09:41:03Z,111.0
2024-01-18T09:41:06Z,111.0
2024-01-18T09:41:09Z,111.0
2024-01-18T09:41:10Z,109.0
2024-01-18T09:41:11Z,108.0
2024-01-18T09:41:12Z,106.0
2024-01-18T09:41:14Z,104.0
2024-01-18T09:41:15Z,103.0
2024-01-18T09:41:17Z,104.0
2024-01-18T09:41:20Z,105.0
2024-01-18T09:41:21Z,107.0
2024-01-18T09:41:23Z,108.0
2024-01-18T09:41:25Z,109.0
2024-01-18T09:41:27Z,111.0
2024-01-18T09:41:28Z,112.0
2024-01-18T09:41:29Z,111.0
2024-01-18T09:41:30Z,112.0
2024-01-18T09:41:32Z,111.0
2024-01-18T09:41:33Z,112.0
2024-01-18T09:41:35Z,113.0
2024-01-18T09:41:38Z,113.0
2024-01-18T09:41:41Z,113.0
2024-01-18T09:41:43Z,112.0
2024-01-18T09:41:44Z,111.0
2024-01-18T09:41:46Z,108.0
2024-01-18T09:41:47Z,109.0
2024-01-18T09:41:48Z,108.0
2024-01-18T09:41:49Z,108.0
2024-01-18T09:41:51Z,109.0
2024-01-18T09:41:52Z,110.0
2024-01-18T09:41:53Z,109.0
2024-01-18T09:41:55Z,108.0
2024-01-18T09:41:56Z,109.0
2024-01-18T09:41:57Z,111.0
2024-01-18T09:42:00Z,110.0
2024-01-18T09:42:01Z,109.0
2024-01-18T09:42:04Z,110.0
2024-01-18T09:42:06Z,111.0
2024-01-18T09:42:07Z,110.0
2024-01-18T09:42:09Z,111.0
2024-01-18T09:42:10Z,110.0
2024-01-18T09:42:13Z,110.0
2024-01-18T09:42:14Z,111.0
2024-01-18T09:42:17Z,111.0
2024-01-18T09:42:20Z,110.0
2024-01-18T09:42:22Z,109.0
2024-01-18T09:42:23Z,108.0
2024-01-18T09:42:24Z,107.0
2024-01-18T09:42:25Z,110.0
2024-01-18T09:42:27Z,111.0
2024-01-18T09:42:30Z,111.0
2024-01-18T09:42:31Z,111.0
2024-01-18T09:42:34Z,112.0
2024-01-18T09:42:37Z,112.0
2024-01-18T09:42:38Z,111.0
2024-01-18T09:42:41Z,110.0
2024-01-18T09:42:44Z,110.0
2024-01-18T09:42:47Z,110.0
2024-01-18T09:42:50Z,110.0
2024-01-18T09:42:53Z,110.0
2024-01-18T09:42:55Z,109.0
2024-01-18T09:42:57Z,108.0
2024-01-18T09:42:59Z,107.0
2024-01-18T09:43:01Z,109.0
2024-01-18T09:43:04Z,109.0
2024-01-18T09:43:07Z,109.0
2024-01-18T09:43:10Z,108.0
2024-01-18T09:43:11Z,107.0
2024-01-18T09:43:13Z,108.0
2024-01-18T09:43:14Z,107.0
2024-01-18T09:43:15Z,108.0
2024-01-18T09:43:18Z,109.0
2024-01-18T09:43:21Z,109.0
2024-01-18T09:43:24Z,108.0
2024-01-18T09:43:26Z,109.0
2024-01-18T09:43:27Z,108.0
2024-01-18T09:43:28Z,110.0
2024-01-18T09:43:29Z,108.0
2024-01-18T09:43:31Z,109.0
2024-01-18T09:43:33Z,110.0
2024-01-18T09:43:36Z,109.0
2024-01-18T09:43:37Z,109.0
2024-01-18T09:43:38Z,110.0
2024-01-18T09:43:41Z,111.0
2024-01-18T09:43:44Z,111.0
2024-01-18T09:43:45Z,110.0
2024-01-18T09:43:47Z,111.0
2024-01-18T09:43:50Z,110.0
2024-01-18T09:43:51Z,109.0
2024-01-18T09:43:52Z,108.0
2024-01-18T09:43:54Z,107.0
2024-01-18T09:43:56Z,106.0
2024-01-18T09:43:59Z,106.0
2024-01-18T09:44:00Z,105.0
2024-01-18T09:44:03Z,105.0
2024-01-18T09:44:04Z,106.0
2024-01-18T09:44:05Z,107.0
2024-01-18T09:44:06Z,106.0
2024-01-18T09:44:07Z,107.0
2024-01-18T09:44:09Z,106.0
2024-01-18T09:44:12Z,106.0
2024-01-18T09:44:14Z,105.0
2024-01-18T09:44:15Z,106.0
2024-01-18T09:44:18Z,105.0
2024-01-18T09:44:19Z,104.0
2024-01-18T09:44:20Z,103.0
2024-01-18T09:44:22Z,103.0
2024-01-18T09:44:25Z,104.0
2024-01-18T09:44:26Z,104.0
2024-01-18T09:44:27Z,103.0
2024-01-18T09:44:29Z,102.0
2024-01-18T09:44:32Z,103.0
2024-01-18T09:44:33Z,104.0
2024-01-18T09:44:36Z,104.0
2024-01-18T09:44:37Z,102.0
2024-01-18T09:44:40Z,102.0
2024-01-18T09:44:41Z,103.0
2024-01-18T09:44:42Z,103.0
2024-01-18T09:44:43Z,104.0
2024-01-18T09:44:45Z,103.0
2024-01-18T09:44:46Z,104.0
2024-01-18T09:44:48Z,103.0
2024-01-18T09:44:51Z,103.0
2024-01-18T09:44:52Z,104.0
2024-01-18T09:44:55Z,104.0
2024-01-18T09:44:57Z,103.0
2024-01-18T09:44:58Z,103.0
2024-01-18T09:44:59Z,103.0
2024-01-18T09:45:02Z,103.0
2024-01-18T09:45:03Z,104.0
2024-01-18T09:45:04Z,104.0
2024-01-18T09:45:05Z,103.0
2024-01-18T09:45:08Z,102.0
2024-01-18T09:45:09Z,101.0
2024-01-18T09:45:10Z,102.0
2024-01-18T09:45:11Z,103.0
2024-01-18T09:45:14Z,104.0
2024-01-18T09:45:15Z,103.0
2024-01-18T09:45:17Z,102.0
2024-01-18T09:45:20Z,103.0
2024-01-18T09:45:22Z,104.0
2024-01-18T09:45:23Z,105.0
2024-01-18T09:45:24Z,104.0
2024-01-18T09:45:26Z,103.0
2024-01-18T09:45:28Z,102.0
2024-01-18T09:45:30Z,103.0
2024-01-18T09:45:32Z,102.0
2024-01-18T09:45:35Z,102.0
2024-01-18T09:45:38Z,102.0
2024-01-18T09:45:40Z,103.0
2024-01-18T09:45:42Z,102.0
2024-01-18T09:45:45Z,102.0
2024-01-18T09:45:47Z,102.0
2024-01-18T09:45:50Z,102.0
2024-01-18T09:45:51Z,102.0
2024-01-18T09:45:52Z,101.0
2024-01-18T09:45:55Z,100.0
2024-01-18T09:45:57Z,101.0
2024-01-18T09:45:59Z,102.0
2024-01-18T09:46:02Z,102.0
2024-01-18T09:46:04Z,101.0
2024-01-18T09:46:07Z,101.0
2024-01-18T09:46:08Z,101.0
2024-01-18T09:46:11Z,101.0
2024-01-18T09:46:13Z,100.0
2024-01-18T09:46:14Z,99.0
2024-01-18T09:46:15Z,100.0
2024-01-18T09:46:18Z,100.0
2024-01-18T09:46:21Z,100.0
2024-01-18T09:46:24Z,100.0
2024-01-18T09:46:27Z,100.0
2024-01-18T09:46:29Z,101.0
2024-01-18T09:46:32Z,100.0
2024-01-18T09:46:35Z,100.0
2024-01-18T09:46:37Z,99.0
2024-01-18T09:46:40Z,99.0
2024-01-18T09:46:41Z,100.0
2024-01-18T09:46:44Z,101.0
2024-01-18T09:46:47Z,101.0
2024-01-18T09:46:49Z,100.0
2024-01-18T09:46:50Z,101.0
2024-01-18T09:46:51Z,100.0
2024-01-18T09:46:54Z,100.0
2024-01-18T09:46:57Z,100.0
2024-01-18T09:46:58Z,99.0
2024-01-18T09:47:00Z,98.0
2024-01-18T09:47:03Z,99.0
2024-01-18T09:47:04Z,100.0
2024-01-18T09:47:05Z,101.0
2024-01-18T09:47:06Z,101.0
2024-01-18T09:47:09Z,102.0
2024-01-18T09:47:10Z,103.0
2024-01-18T09:47:13Z,105.0
2024-01-18T09:47:14Z,106.0
2024-01-18T09:47:16Z,107.0
2024-01-18T09:47:19Z,107.0
2024-01-18T09:47:21Z,108.0
2024-01-18T09:47:22Z,109.0
2024-01-18T09:47:24Z,110.0
2024-01-18T09:47:27Z,111.0
2024-01-18T09:47:30Z,111.0
2024-01-18T09:47:32Z,112.0
2024-01-18T09:47:35Z,112.0
2024-01-18T09:47:36Z,113.0
2024-01-18T09:47:39Z,112.0
2024-01-18T09:47:41Z,113.0
2024-01-18T09:47:42Z,114.0
2024-01-18T09:47:44Z,113.0
2024-01-18T09:47:46Z,112.0
2024-01-18T09:47:49Z,110.0
2024-01-18T09:47:50Z,112.0
2024-01-18T09:47:51Z,113.0
2024-01-18T09:47:54Z,110.0
2024-01-18T09:47:55Z,111.0
2024-01-18T09:47:56Z,114.0
2024-01-18T09:47:58Z,116.0
2024-01-18T09:47:59Z,121.0
2024-01-18T09:48:00Z,120.0
2024-01-18T09:48:02Z,118.0
2024-01-18T09:48:03Z,121.0
2024-01-18T09:48:04Z,120.0
2024-01-18T09:48:07Z,120.0
2024-01-18T09:48:08Z,123.0
2024-01-18T09:48:09Z,122.0
2024-01-18T09:48:11Z,124.0
2024-01-18T09:48:14Z,119.0
2024-01-18T09:48:16Z,116.0
2024-01-18T09:48:17Z,112.0
2024-01-18T09:48:19Z,110.0
2024-01-18T09:48:21Z,109.0
2024-01-18T09:48:22Z,107.0
2024-01-18T09:48:23Z,106.0
2024-01-18T09:48:26Z,107.0
2024-01-18T09:48:27Z,108.0
2024-01-18T09:48:30Z,109.0
2024-01-18T09:48:33Z,109.0
2024-01-18T09:48:36Z,109.0
2024-01-18T09:48:39Z,110.0
2024-01-18T09:48:42Z,110.0
2024-01-18T09:48:45Z,110.0
2024-01-18T09:48:48Z,110.0
2024-01-18T09:48:51Z,110.0
2024-01-18T09:48:54Z,109.0
2024-01-18T09:48:55Z,108.0
2024-01-18T09:48:58Z,107.0
2024-01-18T09:48:59Z,108.0
2024-01-18T09:49:01Z,109.0
2024-01-18T09:49:02Z,110.0
2024-01-18T09:49:04Z,109.0
2024-01-18T09:49:06Z,108.0
2024-01-18T09:49:09Z,107.0
2024-01-18T09:49:11Z,108.0
2024-01-18T09:49:13Z,109.0
2024-01-18T09:49:15Z,108.0
2024-01-18T09:49:17Z,107.0
2024-01-18T09:49:20Z,106.0
2024-01-18T09:49:21Z,107.0
2024-01-18T09:49:23Z,108.0
2024-01-18T09:49:25Z,109.0
2024-01-18T09:49:28Z,109.0
2024-01-18T09:49:29Z,110.0
2024-01-18T09:49:30Z,108.0
2024-01-18T09:49:33Z,108.0
2024-01-18T09:49:34Z,106.0
2024-01-18T09:49:35Z,105.0
2024-01-18T09:49:36Z,104.0
2024-01-18T09:49:38Z,106.0
2024-01-18T09:49:41Z,106.0
2024-01-18T09:49:44Z,107.0
2024-01-18T09:49:47Z,110.0
2024-01-18T09:49:48Z,108.0
2024-01-18T09:49:49Z,113.0
2024-01-18T09:49:50Z,111.0
2024-01-18T09:49:52Z,110.0
2024-01-18T09:49:53Z,106.0
2024-01-18T09:49:54Z,109.0
2024-01-18T09:49:57Z,108.0
2024-01-18T09:50:00Z,108.0
2024-01-18T09:50:01Z,111.0
2024-01-18T09:50:02Z,114.0
2024-01-18T09:50:03Z,118.0
2024-01-18T09:50:04Z,117.0
2024-01-18T09:50:06Z,118.0
2024-01-18T09:50:07Z,121.0
2024-01-18T09:50:08Z,124.0
2024-01-18T09:50:10Z,125.0
2024-01-18T09:50:11Z,124.0
2024-01-18T09:50:12Z,119.0
2024-01-18T09:50:13Z,115.0
2024-01-18T09:50:15Z,112.0
2024-01-18T09:50:16Z,109.0
2024-01-18T09:50:17Z,107.0
2024-01-18T09:50:19Z,106.0
2024-01-18T09:50:20Z,105.0
2024-01-18T09:50:22Z,106.0
2024-01-18T09:50:24Z,108.0
2024-01-18T09:50:25Z,107.0
2024-01-18T09:50:26Z,103.0
2024-01-18T09:50:27Z,101.0
2024-01-18T09:50:29Z,99.0
2024-01-18T09:50:30Z,98.0
2024-01-18T09:50:33Z,99.0
2024-01-18T09:50:34Z,100.0
2024-01-18T09:50:35Z,101.0
2024-01-18T09:50:38Z,101.0
2024-01-18T09:50:40Z,102.0
2024-01-18T09:50:42Z,103.0
2024-01-18T09:50:43Z,104.0
2024-01-18T09:50:44Z,103.0
2024-01-18T09:50:46Z,107.0
2024-01-18T09:50:47Z,108.0
2024-01-18T09:50:48Z,111.0
2024-01-18T09:50:49Z,109.0
2024-01-18T09:50:51Z,111.0
2024-01-18T09:50:52Z,112.0
2024-01-18T09:50:53Z,113.0
2024-01-18T09:50:54Z,111.0
2024-01-18T09:50:56Z,110.0
2024-01-18T09:50:59Z,108.0
2024-01-18T09:51:01Z,107.0
2024-01-18T09:51:03Z,106.0
2024-01-18T09:51:05Z,109.0
2024-01-18T09:51:07Z,111.0
2024-01-18T09:51:09Z,110.0
2024-01-18T09:51:10Z,111.0
2024-01-18T09:51:13Z,111.0
2024-01-18T09:51:15Z,110.0
2024-01-18T09:51:16Z,111.0
2024-01-18T09:51:17Z,110.0
2024-01-18T09:51:19Z,111.0
2024-01-18T09:51:20Z,109.0
2024-01-18T09:51:21Z,111.0
2024-01-18T09:51:24Z,113.0
2024-01-18T09:51:25Z,111.0
2024-01-18T09:51:28Z,111.0
2024-01-18T09:51:29Z,110.0
2024-01-18T09:51:30Z,109.0
2024-01-18T09:51:33Z,109.0
2024-01-18T09:51:36Z,109.0
2024-01-18T09:51:38Z,108.0
2024-01-18T09:51:39Z,107.0
2024-01-18T09:51:42Z,107.0
2024-01-18T09:51:45Z,107.0
2024-01-18T09:51:48Z,106.0
2024-01-18T09:51:51Z,105.0
2024-01-18T09:51:52Z,104.0
2024-01-18T09:51:54Z,104.0
2024-01-18T09:51:55Z,103.0
2024-01-18T09:51:57Z,102.0
2024-01-18T09:52:00Z,101.0
2024-01-18T09:52:03Z,102.0
2024-01-18T09:52:04Z,102.0
2024-01-18T09:52:05Z,103.0
2024-01-18T09:52:06Z,104.0
2024-01-18T09:52:09Z,103.0
2024-01-18T09:52:10Z,102.0
2024-01-18T09:52:11Z,101.0
2024-01-18T09:52:13Z,100.0
2024-01-18T09:52:15Z,99.0
2024-01-18T09:52:18Z,99.0
2024-01-18T09:52:19Z,100.0
2024-01-18T09:52:21Z,99.0
2024-01-18T09:52:23Z,98.0
2024-01-18T09:52:24Z,96.0
2024-01-18T09:52:25Z,94.0
2024-01-18T09:52:26Z,93.0
2024-01-18T09:52:27Z,93.0
2024-01-18T09:52:29Z,94.0
2024-01-18T09:52:30Z,95.0
2024-01-18T09:52:32Z,96.0
2024-01-18T09:52:33Z,98.0
2024-01-18T09:52:34Z,99.0
2024-01-18T09:52:37Z,99.0
2024-01-18T09:52:39Z,97.0
2024-01-18T09:52:41Z,98.0
2024-01-18T09:52:44Z,97.0
2024-01-18T09:52:47Z,97.0
2024-01-18T09:52:48Z,96.0
2024-01-18T09:52:49Z,96.0
2024-01-18T09:52:50Z,97.0
2024-01-18T09:52:51Z,97.0
2024-01-18T09:52:52Z,98.0
2024-01-18T09:52:55Z,98.0
2024-01-18T09:52:56Z,97.0
2024-01-18T09:52:59Z,96.0
2024-01-18T09:53:02Z,96.0
2024-01-18T09:53:04Z,95.0
2024-01-18T09:53:07Z,95.0
2024-01-18T09:53:09Z,96.0
2024-01-18T09:53:12Z,96.0
2024-01-18T09:53:13Z,95.0
2024-01-18T09:53:14Z,96.0
2024-01-18T09:53:17Z,96.0
2024-01-18T09:53:18Z,95.0
2024-01-18T09:53:19Z,94.0
2024-01-18T09:53:20Z,95.0
2024-01-18T09:53:23Z,95.0
2024-01-18T09:53:24Z,96.0
2024-01-18T09:53:27Z,97.0
2024-01-18T09:53:28Z,96.0
2024-01-18T09:53:31Z,95.0
2024-01-18T09:53:34Z,96.0
2024-01-18T09:53:37Z,97.0
2024-01-18T09:53:40Z,97.0
2024-01-18T09:53:43Z,96.0
2024-01-18T09:53:44Z,96.0
2024-01-18T09:53:45Z,97.0
2024-01-18T09:53:48Z,97.0
2024-01-18T09:53:51Z,98.0
2024-01-18T09:53:54Z,98.0
2024-01-18T09:53:55Z,99.0
2024-01-18T09:53:57Z,101.0
2024-01-18T09:53:59Z,102.0
2024-01-18T09:54:02Z,102.0
2024-01-18T09:54:03Z,103.0
2024-01-18T09:54:06Z,103.0
2024-01-18T09:54:08Z,102.0
2024-01-18T09:54:09Z,101.0
2024-01-18T09:54:10Z,100.0
2024-01-18T09:54:11Z,99.0
2024-01-18T09:54:14Z,100.0
2024-01-18T09:54:17Z,99.0
2024-01-18T09:54:20Z,99.0
2024-01-18T09:54:23Z,99.0
2024-01-18T09:54:24Z,101.0
2024-01-18T09:54:26Z,102.0
2024-01-18T09:54:29Z,101.0
2024-01-18T09:54:32Z,102.0
2024-01-18T09:54:33Z,101.0
2024-01-18T09:54:34Z,102.0
2024-01-18T09:54:36Z,103.0
2024-01-18T09:54:37Z,102.0
2024-01-18T09:54:38Z,102.0
2024-01-18T09:54:40Z,101.0
2024-01-18T09:54:41Z,103.0
2024-01-18T09:54:42Z,104.0
2024-01-18T09:54:44Z,105.0
2024-01-18T09:54:46Z,106.0
2024-01-18T09:54:49Z,106.0
2024-01-18T09:54:50Z,104.0
2024-01-18T09:54:52Z,102.0
2024-01-18T09:54:54Z,101.0
2024-01-18T09:54:56Z,102.0
2024-01-18T09:54:58Z,103.0
2024-01-18T09:54:59Z,104.0
2024-01-18T09:55:01Z,103.0
2024-01-18T09:55:04Z,103.0
2024-01-18T09:55:05Z,104.0
2024-01-18T09:55:08Z,104.0
2024-01-18T09:55:10Z,102.0
2024-01-18T09:55:12Z,101.0
2024-01-18T09:55:13Z,100.0
2024-01-18T09:55:16Z,100.0
2024-01-18T09:55:18Z,101.0
2024-01-18T09:55:19Z,103.0
2024-01-18T09:55:21Z,104.0
2024-01-18T09:55:24Z,103.0
2024-01-18T09:55:26Z,102.0
2024-01-18T09:55:27Z,101.0
2024-01-18T09:55:28Z,99.0
2024-01-18T09:55:30Z,97.0
2024-01-18T09:55:32Z,96.0
2024-01-18T09:55:33Z,97.0
2024-01-18T09:55:35Z,99.0
2024-01-18T09:55:37Z,98.0
2024-01-18T09:55:39Z,99.0
2024-01-18T09:55:40Z,97.0
2024-01-18T09:55:41Z,98.0
2024-01-18T09:55:44Z,100.0
2024-01-18T09:55:45Z,100.0
2024-01-18T09:55:47Z,101.0
2024-01-18T09:55:50Z,100.0
2024-01-18T09:55:51Z,101.0
2024-01-18T09:55:53Z,100.0
2024-01-18T09:55:55Z,99.0
2024-01-18T09:55:57Z,98.0
2024-01-18T09:55:58Z,97.0
2024-01-18T09:55:59Z,96.0
2024-01-18T09:56:02Z,96.0
2024-01-18T09:56:05Z,98.0
2024-01-18T09:56:07Z,97.0
2024-01-18T09:56:08Z,96.0
2024-01-18T09:56:09Z,95.0
2024-01-18T09:56:11Z,96.0
2024-01-18T09:56:12Z,97.0
2024-01-18T09:56:13Z,98.0
2024-01-18T09:56:14Z,100.0
2024-01-18T09:56:17Z,101.0
2024-01-18T09:56:19Z,100.0
2024-01-18T09:56:21Z,101.0
2024-01-18T09:56:22Z,103.0
2024-01-18T09:56:23Z,104.0
2024-01-18T09:56:26Z,103.0
2024-01-18T09:56:29Z,102.0
2024-01-18T09:56:30Z,100.0
2024-01-18T09:56:32Z,101.0
2024-01-18T09:56:35Z,102.0
2024-01-18T09:56:36Z,101.0
2024-01-18T09:56:37Z,100.0
2024-01-18T09:56:40Z,100.0
2024-01-18T09:56:43Z,99.0
2024-01-18T09:56:45Z,101.0
2024-01-18T09:56:46Z,102.0
2024-01-18T09:56:49Z,103.0
2024-01-18T09:56:50Z,104.0
2024-01-18T09:56:51Z,105.0
2024-01-18T09:56:54Z,104.0
2024-01-18T09:56:57Z,103.0
2024-01-18T09:56:59Z,102.0
2024-01-18T09:57:02Z,101.0
2024-01-18T09:57:03Z,100.0
2024-01-18T09:57:04Z,99.0
2024-01-18T09:57:07Z,100.0
2024-01-18T09:57:08Z,100.0
2024-01-18T09:57:10Z,101.0
2024-01-18T09:57:12Z,100.0
2024-01-18T09:57:15Z,99.0
2024-01-18T09:57:16Z,100.0
2024-01-18T09:57:17Z,99.0
2024-01-18T09:57:20Z,100.0
2024-01-18T09:57:22Z,99.0
2024-01-18T09:57:23Z,98.0
2024-01-18T09:57:25Z,97.0
2024-01-18T09:57:26Z,96.0
2024-01-18T09:57:29Z,97.0
2024-01-18T09:57:31Z,96.0
2024-01-18T09:57:32Z,96.0
2024-01-18T09:57:35Z,97.0
2024-01-18T09:57:36Z,98.0
2024-01-18T09:57:38Z,99.0
2024-01-18T09:57:40Z,98.0
2024-01-18T09:57:41Z,97.0
2024-01-18T09:57:44Z,96.0
2024-01-18T09:57:47Z,96.0
2024-01-18T09:57:48Z,97.0
2024-01-18T09:57:49Z,96.0
2024-01-18T09:57:50Z,95.0
2024-01-18T09:57:53Z,95.0
2024-01-18T09:57:54Z,94.0
2024-01-18T09:57:57Z,94.0
2024-01-18T09:57:58Z,95.0
2024-01-18T09:58:01Z,97.0
2024-01-18T09:58:02Z,98.0
2024-01-18T09:58:05Z,97.0
2024-01-18T09:58:06Z,99.0
2024-01-18T09:58:07Z,100.0
2024-01-18T09:58:08Z,101.0
2024-01-18T09:58:11Z,101.0
2024-01-18T09:58:12Z,99.0
2024-01-18T09:58:13Z,98.0
2024-01-18T09:58:15Z,99.0
2024-01-18T09:58:18Z,99.0
2024-01-18T09:58:19Z,100.0
2024-01-18T09:58:21Z,101.0
2024-01-18T09:58:22Z,100.0
2024-01-18T09:58:25Z,100.0
2024-01-18T09:58:28Z,99.0
2024-01-18T09:58:29Z,98.0
2024-01-18T09:58:30Z,97.0
2024-01-18T09:58:33Z,96.0
2024-01-18T09:58:34Z,94.0
2024-01-18T09:58:35Z,93.0
2024-01-18T09:58:36Z,93.0
2024-01-18T09:58:37Z,93.0
2024-01-18T09:58:39Z,94.0
2024-01-18T09:58:40Z,95.0
2024-01-18T09:58:42Z,96.0
2024-01-18T09:58:43Z,96.0
2024-01-18T09:58:46Z,96.0
2024-01-18T09:58:49Z,97.0
2024-01-18T09:58:51Z,99.0
2024-01-18T09:58:53Z,98.0
2024-01-18T09:58:54Z,100.0
2024-01-18T09:58:57Z,99.0
2024-01-18T09:59:00Z,97.0
2024-01-18T09:59:03Z,97.0
2024-01-18T09:59:05Z,98.0
2024-01-18T09:59:07Z,99.0
2024-01-18T09:59:10Z,98.0
2024-01-18T09:59:11Z,94.0
2024-01-18T09:59:14Z,95.0
2024-01-18T09:59:17Z,98.0
2024-01-18T09:59:19Z,99.0
2024-01-18T09:59:22Z,99.0
2024-01-18T09:59:25Z,99.0
2024-01-18T09:59:26Z,100.0
2024-01-18T09:59:28Z,101.0
2024-01-18T09:59:29Z,102.0
2024-01-18T09:59:32Z,102.0
2024-01-18T09:59:34Z,101.0
2024-01-18T09:59:35Z,100.0
2024-01-18T09:59:37Z,98.0
2024-01-18T09:59:38Z,100.0
2024-01-18T09:59:39Z,101.0
2024-01-18T09:59:40Z,101.0
2024-01-18T09:59:43Z,102.0
2024-01-18T09:59:46Z,101.0
2024-01-18T09:59:47Z,100.0
2024-01-18T09:59:48Z,101.0
2024-01-18T09:59:50Z,100.0
2024-01-18T09:59:51Z,99.0
2024-01-18T09:59:53Z,100.0
2024-01-18T09:59:55Z,101.0
2024-01-18T09:59:56Z,100.0
2024-01-18T09:59:57Z,99.0
2024-01-18T10:00:00Z,98.0
2024-01-18T10:00:03Z,98.0
2024-01-18T10:00:04Z,99.0
2024-01-18T10:00:07Z,98.0
2024-01-18T10:00:09Z,99.0
2024-01-18T10:00:10Z,100.0
2024-01-18T10:00:13Z,99.0
2024-01-18T10:00:14Z,98.0
2024-01-18T10:00:15Z,97.0
2024-01-18T10:00:18Z,98.0
2024-01-18T10:00:21Z,99.0
2024-01-18T10:00:23Z,100.0
2024-01-18T10:00:26Z,100.0
2024-01-18T10:00:27Z,101.0
2024-01-18T10:00:28Z,102.0
2024-01-18T10:00:29Z,101.0
2024-01-18T10:00:30Z,99.0
2024-01-18T10:00:32Z,98.0
2024-01-18T10:00:33Z,97.0
2024-01-18T10:00:35Z,97.0
2024-01-18T10:00:36Z,96.0
2024-01-18T10:00:39Z,96.0
2024-01-18T10:00:42Z,97.0
2024-01-18T10:00:43Z,98.0
2024-01-18T10:00:44Z,99.0
2024-01-18T10:00:46Z,98.0
2024-01-18T10:00:48Z,96.0
2024-01-18T10:00:51Z,96.0
2024-01-18T10:00:54Z,96.0
2024-01-18T10:00:55Z,97.0
2024-01-18T10:00:57Z,96.0
2024-01-18T10:01:00Z,97.0
2024-01-18T10:01:01Z,97.0
2024-01-18T10:01:02Z,97.0
2024-01-18T10:01:05Z,97.0
2024-01-18T10:01:06Z,97.0
2024-01-18T10:01:09Z,98.0
2024-01-18T10:01:10Z,99.0
2024-01-18T10:01:11Z,100.0
2024-01-18T10:01:14Z,101.0
2024-01-18T10:01:17Z,101.0
2024-01-18T10:01:18Z,100.0
2024-01-18T10:01:20Z,101.0
2024-01-18T10:01:21Z,101.0
2024-01-18T10:01:24Z,102.0
2024-01-18T10:01:25Z,103.0
2024-01-18T10:01:27Z,102.0
2024-01-18T10:01:28Z,103.0
2024-01-18T10:01:31Z,101.0
2024-01-18T10:01:32Z,100.0
2024-01-18T10:01:35Z,100.0
2024-01-18T10:01:38Z,100.0
2024-01-18T10:01:41Z,101.0
2024-01-18T10:01:42Z,100.0
2024-01-18T10:01:43Z,101.0
2024-01-18T10:01:46Z,100.0
2024-01-18T10:01:47Z,99.0
2024-01-18T10:01:49Z,98.0
2024-01-18T10:01:50Z,96.0
2024-01-18T10:01:51Z,95.0
2024-01-18T10:01:52Z,96.0
2024-01-18T10:01:53Z,96.0
2024-01-18T10:01:54Z,96.0
2024-01-18T10:01:56Z,95.0
2024-01-18T10:01:57Z,94.0
2024-01-18T10:01:59Z,93.0
2024-01-18T10:02:00Z,94.0
2024-01-18T10:02:02Z,95.0
2024-01-18T10:02:04Z,94.0
2024-01-18T10:02:05Z,93.0
2024-01-18T10:02:06Z,92.0
2024-01-18T10:02:08Z,91.0
2024-01-18T10:02:09Z,90.0
2024-01-18T10:02:10Z,91.0
2024-01-18T10:02:12Z,92.0
2024-01-18T10:02:14Z,93.0
2024-01-18T10:02:15Z,95.0
2024-01-18T10:02:17Z,96.0
2024-01-18T10:02:19Z,95.0
2024-01-18T10:02:20Z,94.0
2024-01-18T10:02:23Z,94.0
2024-01-18T10:02:26Z,93.0
2024-01-18T10:02:28Z,92.0
2024-01-18T10:02:31Z,91.0
2024-01-18T10:02:32Z,92.0
2024-01-18T10:02:33Z,92.0
2024-01-18T10:02:34Z,92.0
2024-01-18T10:02:35Z,91.0
2024-01-18T10:02:36Z,90.0
2024-01-18T10:02:37Z,89.0
2024-01-18T10:02:40Z,90.0
2024-01-18T10:02:42Z,89.0
2024-01-18T10:02:43Z,88.0
2024-01-18T10:02:46Z,88.0
2024-01-18T10:02:49Z,88.0
2024-01-18T10:02:50Z,89.0
2024-01-18T10:02:51Z,91.0
2024-01-18T10:02:52Z,91.0
2024-01-18T10:02:53Z,92.0
2024-01-18T10:02:54Z,93.0
2024-01-18T10:02:56Z,95.0
2024-01-18T10:02:58Z,94.0
2024-01-18T10:02:59Z,93.0
2024-01-18T10:03:00Z,91.0
2024-01-18T10:03:03Z,90.0
2024-01-18T10:03:05Z,90.0
2024-01-18T10:03:07Z,91.0
2024-01-18T10:03:08Z,91.0
2024-01-18T10:03:09Z,90.0
2024-01-18T10:03:12Z,90.0
2024-01-18T10:03:13Z,89.0
2024-01-18T10:03:14Z,90.0
2024-01-18T10:03:17Z,90.0
2024-01-18T10:03:18Z,89.0
2024-01-18T10:03:20Z,89.0
2024-01-18T10:03:21Z,88.0
2024-01-18T10:03:24Z,88.0
2024-01-18T10:03:25Z,89.0
2024-01-18T10:03:27Z,89.0
2024-01-18T10:03:30Z,89.0
2024-01-18T10:03:31Z,89.0
2024-01-18T10:03:34Z,89.0
2024-01-18T10:03:36Z,90.0
2024-01-18T10:03:39Z,90.0
2024-01-18T10:03:40Z,90.0
2024-01-18T10:03:41Z,89.0
2024-01-18T10:03:44Z,88.0
2024-01-18T10:03:45Z,89.0
2024-01-18T10:03:46Z,90.0
2024-01-18T10:03:49Z,89.0
2024-01-18T10:03:50Z,87.0
2024-01-18T10:03:53Z,85.0
2024-01-18T10:03:54Z,86.0
2024-01-18T10:03:57Z,86.0
2024-01-18T10:03:59Z,87.0
2024-01-18T10:04:02Z,87.0
2024-01-18T10:04:03Z,88.0
2024-01-18T10:04:06Z,88.0
2024-01-18T10:04:09Z,88.0
2024-01-18T10:04:12Z,89.0
2024-01-18T10:04:15Z,89.0
2024-01-18T10:04:18Z,89.0
2024-01-18T10:04:21Z,88.0
2024-01-18T10:04:22Z,87.0
2024-01-18T10:04:23Z,88.0
2024-01-18T10:04:25Z,89.0
2024-01-18T10:04:28Z,89.0
2024-01-18T10:04:30Z,90.0
2024-01-18T10:04:32Z,90.0
2024-01-18T10:04:35Z,91.0
2024-01-18T10:04:38Z,91.0
2024-01-18T10:04:39Z,91.0
2024-01-18T10:04:41Z,92.0
2024-01-18T10:04:44Z,92.0
2024-01-18T10:04:47Z,92.0
2024-01-18T10:04:50Z,93.0
2024-01-18T10:04:52Z,94.0
2024-01-18T10:04:54Z,92.0
2024-01-18T10:04:55Z,91.0
2024-01-18T10:04:58Z,92.0
2024-01-18T10:04:59Z,93.0
2024-01-18T10:05:00Z,94.0
2024-01-18T10:05:03Z,95.0
2024-01-18T10:05:04Z,94.0
2024-01-18T10:05:06Z,95.0
2024-01-18T10:05:08Z,96.0
2024-01-18T10:05:11Z,96.0
2024-01-18T10:05:12Z,95.0
2024-01-18T10:05:13Z,94.0
2024-01-18T10:05:15Z,93.0
2024-01-18T10:05:16Z,92.0
2024-01-18T10:05:19Z,92.0
2024-01-18T10:05:22Z,92.0
2024-01-18T10:05:24Z,90.0
2024-01-18T10:05:25Z,89.0
2024-01-18T10:05:26Z,88.0
2024-01-18T10:05:27Z,88.0
2024-01-18T10:05:30Z,89.0
2024-01-18T10:05:31Z,89.0
2024-01-18T10:05:32Z,89.0
2024-01-18T10:05:34Z,88.0
2024-01-18T10:05:35Z,88.0
2024-01-18T10:05:37Z,88.0
2024-01-18T10:05:38Z,88.0
2024-01-18T10:05:41Z,88.0
2024-01-18T10:05:43Z,89.0
2024-01-18T10:05:46Z,89.0
2024-01-18T10:05:47Z,88.0
2024-01-18T10:05:49Z,89.0
2024-01-18T10:05:50Z,90.0
2024-01-18T10:05:51Z,90.0
2024-01-18T10:05:52Z,91.0
2024-01-18T10:05:53Z,92.0
2024-01-18T10:05:56Z,92.0
2024-01-18T10:05:57Z,91.0
2024-01-18T10:06:00Z,91.0
2024-01-18T10:06:03Z,91.0
2024-01-18T10:06:04Z,90.0
2024-01-18T10:06:06Z,89.0
2024-01-18T10:06:07Z,88.0
2024-01-18T10:06:10Z,88.0
2024-01-18T10:06:11Z,89.0
2024-01-18T10:06:12Z,90.0
2024-01-18T10:06:13Z,92.0
2024-01-18T10:06:16Z,92.0
2024-01-18T10:06:17Z,91.0
2024-01-18T10:06:19Z,89.0
2024-01-18T10:06:22Z,90.0
2024-01-18T10:06:25Z,91.0
2024-01-18T10:06:26Z,90.0
2024-01-18T10:06:29Z,89.0
2024-01-18T10:06:30Z,89.0
2024-01-18T10:06:31Z,88.0
2024-01-18T10:06:32Z,88.0
2024-01-18T10:06:33Z,89.0
2024-01-18T10:06:34Z,90.0
2024-01-18T10:06:35Z,91.0
2024-01-18T10:06:38Z,89.0
2024-01-18T10:06:39Z,88.0
2024-01-18T10:06:42Z,88.0
2024-01-18T10:06:44Z,89.0
2024-01-18T10:06:46Z,90.0
2024-01-18T10:06:47Z,91.0
2024-01-18T10:06:48Z,90.0
2024-01-18T10:06:51Z,90.0
2024-01-18T10:06:52Z,89.0
2024-01-18T10:06:55Z,89.0
2024-01-18T10:06:56Z,90.0
2024-01-18T10:06:57Z,91.0
2024-01-18T10:06:58Z,90.0
2024-01-18T10:06:59Z,89.0
2024-01-18T10:07:02Z,90.0
2024-01-18T10:07:03Z,89.0
2024-01-18T10:07:05Z,90.0
2024-01-18T10:07:08Z,90.0
2024-01-18T10:07:10Z,88.0
2024-01-18T10:07:13Z,88.0
2024-01-18T10:07:15Z,89.0
2024-01-18T10:07:16Z,90.0
2024-01-18T10:07:19Z,90.0
2024-01-18T10:07:22Z,90.0
2024-01-18T10:07:23Z,91.0
2024-01-18T10:07:25Z,92.0
2024-01-18T10:07:26Z,93.0
2024-01-18T10:07:27Z,93.0
2024-01-18T10:07:28Z,94.0
2024-01-18T10:07:31Z,94.0
2024-01-18T10:07:32Z,95.0
2024-01-18T10:07:33Z,96.0
2024-01-18T10:07:34Z,97.0
2024-01-18T10:07:37Z,98.0
2024-01-18T10:07:38Z,97.0
2024-01-18T10:07:41Z,96.0
2024-01-18T10:07:43Z,94.0
2024-01-18T10:07:44Z,93.0
2024-01-18T10:07:46Z,92.0
2024-01-18T10:07:47Z,91.0
2024-01-18T10:07:48Z,92.0
2024-01-18T10:07:49Z,93.0
2024-01-18T10:07:50Z,93.0
2024-01-18T10:07:51Z,94.0
2024-01-18T10:07:53Z,95.0
2024-01-18T10:07:56Z,95.0
2024-01-18T10:07:58Z,96.0
2024-01-18T10:08:00Z,97.0
2024-01-18T10:08:01Z,98.0
2024-01-18T10:08:04Z,99.0
2024-01-18T10:08:06Z,100.0
2024-01-18T10:08:07Z,99.0
2024-01-18T10:08:09Z,100.0
2024-01-18T10:08:10Z,99.0
2024-01-18T10:08:11Z,100.0
2024-01-18T10:08:14Z,101.0
2024-01-18T10:08:15Z,103.0
2024-01-18T10:08:18Z,104.0
2024-01-18T10:08:19Z,103.0
2024-01-18T10:08:21Z,102.0
2024-01-18T10:08:24Z,104.0
2024-01-18T10:08:25Z,103.0
2024-01-18T10:08:27Z,104.0
2024-01-18T10:08:28Z,103.0
2024-01-18T10:08:29Z,102.0
2024-01-18T10:08:30Z,100.0
2024-01-18T10:08:33Z,99.0
2024-01-18T10:08:34Z,98.0
2024-01-18T10:08:37Z,99.0
2024-01-18T10:08:38Z,97.0
2024-01-18T10:08:39Z,96.0
2024-01-18T10:08:41Z,94.0
2024-01-18T10:08:42Z,93.0
2024-01-18T10:08:43Z,90.0
2024-01-18T10:08:44Z,94.0
2024-01-18T10:08:47Z,99.0
2024-01-18T10:08:48Z,96.0
2024-01-18T10:08:50Z,94.0
2024-01-18T10:08:51Z,95.0
2024-01-18T10:08:52Z,97.0
2024-01-18T10:08:54Z,94.0
2024-01-18T10:08:55Z,95.0
2024-01-18T10:08:56Z,97.0
2024-01-18T10:08:57Z,96.0
2024-01-18T10:09:00Z,99.0
2024-01-18T10:09:01Z,101.0
2024-01-18T10:09:02Z,106.0
2024-01-18T10:09:04Z,104.0
2024-01-18T10:09:05Z,105.0
2024-01-18T10:09:06Z,106.0
2024-01-18T10:09:09Z,106.0
2024-01-18T10:09:10Z,107.0
2024-01-18T10:09:11Z,108.0
2024-01-18T10:09:13Z,107.0
2024-01-18T10:09:14Z,106.0
2024-01-18T10:09:15Z,105.0
2024-01-18T10:09:16Z,105.0
2024-01-18T10:09:18Z,104.0
2024-01-18T10:09:21Z,104.0
2024-01-18T10:09:23Z,105.0
2024-01-18T10:09:26Z,105.0
2024-01-18T10:09:29Z,105.0
2024-01-18T10:09:31Z,103.0
2024-01-18T10:09:32Z,105.0
2024-01-18T10:09:33Z,104.0
2024-01-18T10:09:34Z,102.0
2024-01-18T10:09:36Z,101.0
2024-01-18T10:09:37Z,102.0
2024-01-18T10:09:40Z,103.0
2024-01-18T10:09:41Z,102.0
2024-01-18T10:09:42Z,104.0
2024-01-18T10:09:45Z,103.0
2024-01-18T10:09:47Z,104.0
2024-01-18T10:09:49Z,103.0
2024-01-18T10:09:51Z,101.0
2024-01-18T10:09:52Z,102.0
2024-01-18T10:09:54Z,103.0
2024-01-18T10:09:56Z,104.0
2024-01-18T10:09:58Z,102.0
2024-01-18T10:10:00Z,100.0
2024-01-18T10:10:03Z,98.0
2024-01-18T10:10:06Z,99.0
2024-01-18T10:10:08Z,98.0
2024-01-18T10:10:09Z,96.0
2024-01-18T10:10:10Z,95.0
2024-01-18T10:10:11Z,94.0
2024-01-18T10:10:13Z,96.0
2024-01-18T10:10:14Z,97.0
2024-01-18T10:10:15Z,100.0
2024-01-18T10:10:17Z,99.0
2024-01-18T10:10:18Z,100.0
2024-01-18T10:10:19Z,98.0
2024-01-18T10:10:20Z,95.0
2024-01-18T10:10:22Z,91.0
2024-01-18T10:10:23Z,90.0
2024-01-18T10:10:24Z,88.0
2024-01-18T10:10:27Z,88.0
2024-01-18T10:10:28Z,90.0
2024-01-18T10:10:30Z,91.0
2024-01-18T10:10:31Z,92.0
2024-01-18T10:10:33Z,91.0
2024-01-18T10:10:35Z,92.0
2024-01-18T10:10:38Z,92.0
2024-01-18T10:10:40Z,93.0
2024-01-18T10:10:43Z,93.0
2024-01-18T10:10:45Z,92.0
2024-01-18T10:10:46Z,91.0
2024-01-18T10:10:47Z,90.0
2024-01-18T10:10:50Z,90.0
2024-01-18T10:10:51Z,91.0
2024-01-18T10:10:52Z,92.0
2024-01-18T10:10:54Z,93.0
2024-01-18T10:10:55Z,94.0
2024-01-18T10:10:56Z,93.0
2024-01-18T10:10:58Z,91.0
2024-01-18T10:11:00Z,92.0
2024-01-18T10:11:03Z,93.0
2024-01-18T10:11:05Z,94.0
2024-01-18T10:11:08Z,93.0
2024-01-18T10:11:10Z,92.0
2024-01-18T10:11:13Z,93.0
2024-01-18T10:11:14Z,95.0
2024-01-18T10:11:16Z,96.0
2024-01-18T10:11:19Z,96.0
2024-01-18T10:11:21Z,97.0
2024-01-18T10:11:22Z,98.0
2024-01-18T10:11:24Z,99.0
2024-01-18T10:11:26Z,97.0
2024-01-18T10:11:27Z,98.0
2024-01-18T10:11:30Z,97.0
2024-01-18T10:11:31Z,96.0
2024-01-18T10:11:34Z,97.0
2024-01-18T10:11:37Z,97.0
2024-01-18T10:11:39Z,96.0
2024-01-18T10:11:42Z,96.0
2024-01-18T10:11:44Z,97.0
2024-01-18T10:11:45Z,95.0
2024-01-18T10:11:46Z,96.0
2024-01-18T10:11:49Z,97.0
2024-01-18T10:11:52Z,97.0
2024-01-18T10:11:54Z,96.0
2024-01-18T10:11:55Z,95.0
2024-01-18T10:11:57Z,96.0
2024-01-18T10:11:58Z,97.0
2024-01-18T10:11:59Z,98.0
2024-01-18T10:12:00Z,97.0
2024-01-18T10:12:03Z,97.0
2024-01-18T10:12:05Z,96.0
2024-01-18T10:12:08Z,96.0
2024-01-18T10:12:09Z,97.0
2024-01-18T10:12:12Z,96.0
2024-01-18T10:12:15Z,96.0
2024-01-18T10:12:17Z,95.0
2024-01-18T10:12:19Z,94.0
2024-01-18T10:12:22Z,94.0
2024-01-18T10:12:23Z,92.0
2024-01-18T10:12:25Z,93.0
2024-01-18T10:12:28Z,93.0
2024-01-18T10:12:29Z,94.0
2024-01-18T10:12:30Z,95.0
2024-01-18T10:12:31Z,97.0
2024-01-18T10:12:34Z,97.0
2024-01-18T10:12:35Z,96.0
2024-01-18T10:12:36Z,96.0
2024-01-18T10:12:37Z,95.0
2024-01-18T10:12:39Z,96.0
2024-01-18T10:12:41Z,98.0
2024-01-18T10:12:44Z,98.0
2024-01-18T10:12:46Z,97.0
2024-01-18T10:12:48Z,96.0
2024-01-18T10:12:49Z,94.0
2024-01-18T10:12:50Z,95.0
2024-01-18T10:12:52Z,96.0
2024-01-18T10:12:53Z,95.0
2024-01-18T10:12:55Z,97.0
2024-01-18T10:12:58Z,97.0
2024-01-18T10:12:59Z,96.0
2024-01-18T10:13:02Z,97.0
2024-01-18T10:13:05Z,97.0
2024-01-18T10:13:08Z,98.0
2024-01-18T10:13:09Z,97.0
2024-01-18T10:13:11Z,96.0
2024-01-18T10:13:12Z,95.0
2024-01-18T10:13:15Z,95.0
2024-01-18T10:13:17Z,96.0
2024-01-18T10:13:18Z,97.0
2024-01-18T10:13:20Z,98.0
2024-01-18T10:13:22Z,97.0
2024-01-18T10:13:25Z,96.0
2024-01-18T10:13:27Z,95.0
2024-01-18T10:13:30Z,94.0
2024-01-18T10:13:31Z,93.0
2024-01-18T10:13:34Z,93.0
2024-01-18T10:13:37Z,93.0
2024-01-18T10:13:40Z,93.0
2024-01-18T10:13:41Z,93.0
2024-01-18T10:13:43Z,94.0
2024-01-18T10:13:44Z,95.0
2024-01-18T10:13:47Z,95.0
2024-01-18T10:13:49Z,97.0
2024-01-18T10:13:50Z,98.0
2024-01-18T10:13:53Z,98.0
2024-01-18T10:13:56Z,99.0
2024-01-18T10:13:58Z,97.0
2024-01-18T10:14:01Z,96.0
2024-01-18T10:14:02Z,95.0
2024-01-18T10:14:03Z,93.0
2024-01-18T10:14:06Z,92.0
2024-01-18T10:14:09Z,92.0
2024-01-18T10:14:10Z,92.0
2024-01-18T10:14:11Z,92.0
2024-01-18T10:14:12Z,93.0
2024-01-18T10:14:15Z,93.0
2024-01-18T10:14:18Z,93.0
2024-01-18T10:14:19Z,93.0
2024-01-18T10:14:21Z,92.0
2024-01-18T10:14:22Z,93.0
2024-01-18T10:14:25Z,93.0
2024-01-18T10:14:26Z,93.0
2024-01-18T10:14:27Z,94.0
2024-01-18T10:14:29Z,95.0
2024-01-18T10:14:30Z,97.0
2024-01-18T10:14:31Z,98.0
2024-01-18T10:14:33Z,99.0
2024-01-18T10:14:34Z,98.0
2024-01-18T10:14:37Z,97.0
2024-01-18T10:14:39Z,96.0
2024-01-18T10:14:40Z,97.0
2024-01-18T10:14:43Z,99.0
2024-01-18T10:14:44Z,100.0
2024-01-18T10:14:45Z,101.0
2024-01-18T10:14:48Z,102.0
2024-01-18T10:14:51Z,102.0
2024-01-18T10:14:53Z,101.0
2024-01-18T10:14:56Z,102.0
2024-01-18T10:14:59Z,102.0
2024-01-18T10:15:02Z,100.0
2024-01-18T10:15:03Z,99.0
2024-01-18T10:15:05Z,97.0
2024-01-18T10:15:06Z,98.0
2024-01-18T10:15:09Z,99.0
2024-01-18T10:15:11Z,101.0
2024-01-18T10:15:12Z,102.0
2024-01-18T10:15:15Z,104.0
2024-01-18T10:15:16Z,105.0
2024-01-18T10:15:17Z,107.0
2024-01-18T10:15:20Z,108.0
2024-01-18T10:15:21Z,109.0
2024-01-18T10:15:22Z,110.0
2024-01-18T10:15:25Z,111.0
2024-01-18T10:15:26Z,110.0
2024-01-18T10:15:29Z,110.0
2024-01-18T10:15:32Z,111.0
2024-01-18T10:15:33Z,112.0
2024-01-18T10:15:34Z,113.0
2024-01-18T10:15:37Z,113.0
2024-01-18T10:15:38Z,112.0
2024-01-18T10:15:39Z,113.0
2024-01-18T10:15:40Z,112.0
2024-01-18T10:15:43Z,112.0
2024-01-18T10:15:46Z,111.0
2024-01-18T10:15:48Z,109.0
2024-01-18T10:15:49Z,108.0
2024-01-18T10:15:51Z,107.0
2024-01-18T10:15:53Z,106.0
2024-01-18T10:15:55Z,107.0
2024-01-18T10:15:56Z,108.0
2024-01-18T10:15:59Z,108.0
2024-01-18T10:16:01Z,107.0
2024-01-18T10:16:03Z,108.0
2024-01-18T10:16:05Z,109.0
2024-01-18T10:16:07Z,110.0
2024-01-18T10:16:08Z,110.0
2024-01-18T10:16:09Z,109.0
2024-01-18T10:16:12Z,109.0
2024-01-18T10:16:15Z,109.0
2024-01-18T10:16:16Z,110.0
2024-01-18T10:16:19Z,109.0
2024-01-18T10:16:22Z,110.0
2024-01-18T10:16:23Z,109.0
2024-01-18T10:16:25Z,108.0
2024-01-18T10:16:26Z,108.0
2024-01-18T10:16:27Z,107.0
2024-01-18T10:16:28Z,106.0
2024-01-18T10:16:29Z,104.0
2024-01-18T10:16:30Z,103.0
2024-01-18T10:16:32Z,102.0
2024-01-18T10:16:33Z,101.0
2024-01-18T10:16:34Z,101.0
2024-01-18T10:16:35Z,100.0
2024-01-18T10:16:38Z,99.0
2024-01-18T10:16:41Z,98.0
2024-01-18T10:16:44Z,98.0
2024-01-18T10:16:47Z,98.0
2024-01-18T10:16:50Z,99.0
2024-01-18T10:16:52Z,100.0
2024-01-18T10:16:53Z,101.0
2024-01-18T10:16:56Z,100.0
2024-01-18T10:16:57Z,99.0
2024-01-18T10:16:58Z,99.0
2024-01-18T10:17:00Z,98.0
2024-01-18T10:17:02Z,97.0
2024-01-18T10:17:04Z,96.0
2024-01-18T10:17:06Z,95.0
2024-01-18T10:17:09Z,94.0
2024-01-18T10:17:10Z,93.0
2024-01-18T10:17:13Z,93.0
2024-01-18T10:17:14Z,92.0
2024-01-18T10:17:15Z,93.0
2024-01-18T10:17:16Z,91.0
2024-01-18T10:17:18Z,90.0
2024-01-18T10:17:19Z,89.0
2024-01-18T10:17:22Z,88.0
2024-01-18T10:17:23Z,87.0
2024-01-18T10:17:25Z,88.0
2024-01-18T10:17:27Z,87.0
2024-01-18T10:17:28Z,89.0
2024-01-18T10:17:29Z,88.0
2024-01-18T10:17:31Z,86.0
2024-01-18T10:17:32Z,85.0
2024-01-18T10:17:33Z,87.0
2024-01-18T10:17:36Z,87.0
2024-01-18T10:17:37Z,88.0
2024-01-18T10:17:38Z,90.0
2024-01-18T10:17:41Z,91.0
2024-01-18T10:17:43Z,92.0
2024-01-18T10:17:44Z,92.0
2024-01-18T10:17:45Z,93.0
2024-01-18T10:17:46Z,95.0
2024-01-18T10:17:47Z,96.0
2024-01-18T10:17:48Z,97.0
2024-01-18T10:17:51Z,97.0
2024-01-18T10:17:54Z,97.0
2024-01-18T10:17:55Z,97.0
2024-01-18T10:17:56Z,97.0
2024-01-18T10:17:57Z,97.0
2024-01-18T10:18:00Z,97.0
2024-01-18T10:18:03Z,96.0
2024-01-18T10:18:04Z,95.0
2024-01-18T10:18:06Z,94.0
2024-01-18T10:18:09Z,94.0
2024-01-18T10:18:11Z,95.0
2024-01-18T10:18:13Z,94.0
2024-01-18T10:18:14Z,93.0
2024-01-18T10:18:17Z,92.0
2024-01-18T10:18:18Z,91.0
2024-01-18T10:18:19Z,90.0
2024-01-18T10:18:22Z,90.0
2024-01-18T10:18:23Z,90.0
2024-01-18T10:18:24Z,90.0
2024-01-18T10:18:25Z,90.0
2024-01-18T10:18:27Z,91.0
2024-01-18T10:18:28Z,90.0
2024-01-18T10:18:29Z,90.0
2024-01-18T10:18:31Z,91.0
2024-01-18T10:18:32Z,92.0
2024-01-18T10:18:33Z,93.0
2024-01-18T10:18:35Z,92.0
2024-01-18T10:18:38Z,92.0
2024-01-18T10:18:40Z,91.0
2024-01-18T10:18:41Z,90.0
2024-01-18T10:18:42Z,91.0
2024-01-18T10:18:45Z,92.0
2024-01-18T10:18:46Z,91.0
2024-01-18T10:18:49Z,90.0
2024-01-18T10:18:50Z,89.0
2024-01-18T10:18:51Z,88.0
2024-01-18T10:18:53Z,89.0
2024-01-18T10:18:55Z,90.0
2024-01-18T10:18:56Z,91.0
2024-01-18T10:18:59Z,89.0
2024-01-18T10:19:00Z,88.0
2024-01-18T10:19:01Z,89.0
2024-01-18T10:19:03Z,90.0
2024-01-18T10:19:04Z,91.0
2024-01-18T10:19:07Z,88.0
2024-01-18T10:19:08Z,85.0
2024-01-18T10:19:09Z,82.0
2024-01-18T10:19:12Z,84.0
2024-01-18T10:19:13Z,85.0
2024-01-18T10:19:14Z,86.0
2024-01-18T10:19:15Z,86.0
2024-01-18T10:19:16Z,87.0
2024-01-18T10:19:19Z,87.0
2024-01-18T10:19:21Z,87.0
2024-01-18T10:19:24Z,88.0
2024-01-18T10:19:25Z,88.0
2024-01-18T10:19:28Z,88.0
2024-01-18T10:19:31Z,88.0
2024-01-18T10:19:32Z,89.0
2024-01-18T10:19:33Z,89.0
2024-01-18T10:19:34Z,90.0
2024-01-18T10:19:37Z,89.0
2024-01-18T10:19:40Z,88.0
2024-01-18T10:19:41Z,87.0
2024-01-18T10:19:44Z,88.0
2024-01-18T10:19:45Z,89.0
2024-01-18T10:19:47Z,90.0
2024-01-18T10:19:49Z,91.0
2024-01-18T10:19:51Z,92.0
2024-01-18T10:19:54Z,92.0
2024-01-18T10:19:57Z,92.0
2024-01-18T10:19:58Z,91.0
2024-01-18T10:19:59Z,91.0
2024-01-18T10:20:01Z,91.0
2024-01-18T10:20:04Z,91.0
2024-01-18T10:20:06Z,91.0
2024-01-18T10:20:07Z,91.0
2024-01-18T10:20:10Z,91.0
2024-01-18T10:20:11Z,92.0
2024-01-18T10:20:13Z,91.0
2024-01-18T10:20:14Z,90.0
2024-01-18T10:20:17Z,90.0
2024-01-18T10:20:18Z,91.0
2024-01-18T10:20:19Z,92.0
2024-01-18T10:20:22Z,92.0
2024-01-18T10:20:25Z,92.0
2024-01-18T10:20:26Z,91.0
2024-01-18T10:20:27Z,90.0
2024-01-18T10:20:28Z,90.0
2024-01-18T10:20:29Z,89.0
2024-01-18T10:20:30Z,87.0
2024-01-18T10:20:31Z,88.0
2024-01-18T10:20:32Z,88.0
2024-01-18T10:20:35Z,89.0
2024-01-18T10:20:38Z,89.0
2024-01-18T10:20:39Z,89.0
2024-01-18T10:20:41Z,89.0
2024-01-18T10:20:42Z,89.0
2024-01-18T10:20:44Z,90.0
2024-01-18T10:20:45Z,91.0
2024-01-18T10:20:46Z,92.0
2024-01-18T10:20:49Z,93.0
2024-01-18T10:20:52Z,94.0
2024-01-18T10:20:53Z,93.0
2024-01-18T10:20:54Z,93.0
2024-01-18T10:20:56Z,93.0
2024-01-18T10:20:59Z,93.0
2024-01-18T10:21:02Z,93.0
2024-01-18T10:21:04Z,93.0
2024-01-18T10:21:06Z,94.0
2024-01-18T10:21:08Z,95.0
2024-01-18T10:21:09Z,94.0
2024-01-18T10:21:10Z,94.0
2024-01-18T10:21:13Z,93.0
2024-01-18T10:21:14Z,93.0
2024-01-18T10:21:15Z,92.0
2024-01-18T10:21:16Z,92.0
2024-01-18T10:21:17Z,91.0
2024-01-18T10:21:19Z,91.0
2024-01-18T10:21:20Z,92.0
2024-01-18T10:21:21Z,91.0
2024-01-18T10:21:22Z,92.0
2024-01-18T10:21:25Z,92.0
2024-01-18T10:21:27Z,90.0
2024-01-18T10:21:29Z,89.0
2024-01-18T10:21:30Z,87.0
2024-01-18T10:21:33Z,87.0
2024-01-18T10:21:34Z,88.0
2024-01-18T10:21:35Z,89.0
2024-01-18T10:21:38Z,90.0
2024-01-18T10:21:39Z,90.0
2024-01-18T10:21:41Z,90.0
2024-01-18T10:21:43Z,89.0
2024-01-18T10:21:44Z,88.0
2024-01-18T10:21:47Z,87.0
2024-01-18T10:21:48Z,87.0
2024-01-18T10:21:51Z,87.0
2024-01-18T10:21:52Z,88.0
2024-01-18T10:21:54Z,87.0
2024-01-18T10:21:56Z,85.0
2024-01-18T10:21:59Z,87.0
2024-01-18T10:22:00Z,87.0
2024-01-18T10:22:01Z,88.0
2024-01-18T10:22:02Z,88.0
2024-01-18T10:22:03Z,89.0
2024-01-18T10:22:06Z,89.0
2024-01-18T10:22:08Z,88.0
2024-01-18T10:22:11Z,87.0
2024-01-18T10:22:14Z,87.0
2024-01-18T10:22:17Z,88.0
2024-01-18T10:22:20Z,88.0
2024-01-18T10:22:23Z,88.0
2024-01-18T10:22:25Z,88.0
2024-01-18T10:22:28Z,88.0
2024-01-18T10:22:29Z,88.0
2024-01-18T10:22:31Z,87.0
2024-01-18T10:22:34Z,87.0
2024-01-18T10:22:35Z,88.0
2024-01-18T10:22:38Z,90.0
2024-01-18T10:22:40Z,91.0
2024-01-18T10:22:43Z,90.0
2024-01-18T10:22:44Z,89.0
2024-01-18T10:22:45Z,90.0
2024-01-18T10:22:48Z,91.0
2024-01-18T10:22:51Z,91.0
2024-01-18T10:22:52Z,89.0
2024-01-18T10:22:53Z,88.0
2024-01-18T10:22:54Z,87.0
2024-01-18T10:22:57Z,87.0
2024-01-18T10:22:58Z,88.0
2024-01-18T10:23:01Z,89.0
2024-01-18T10:23:02Z,90.0
2024-01-18T10:23:05Z,91.0
2024-01-18T10:23:06Z,92.0
2024-01-18T10:23:09Z,92.0
2024-01-18T10:23:10Z,91.0
2024-01-18T10:23:12Z,92.0
2024-01-18T10:23:15Z,92.0
2024-01-18T10:23:18Z,92.0
2024-01-18T10:23:19Z,91.0
2024-01-18T10:23:20Z,89.0
2024-01-18T10:23:23Z,88.0
2024-01-18T10:23:24Z,89.0
2024-01-18T10:23:25Z,90.0
2024-01-18T10:23:26Z,90.0
2024-01-18T10:23:29Z,90.0
2024-01-18T10:23:30Z,89.0
2024-01-18T10:23:33Z,89.0
2024-01-18T10:23:34Z,90.0
2024-01-18T10:23:36Z,90.0
2024-01-18T10:23:37Z,90.0
2024-01-18T10:23:40Z,90.0
2024-01-18T10:23:43Z,90.0
2024-01-18T10:23:46Z,90.0
2024-01-18T10:23:49Z,90.0
2024-01-18T10:23:52Z,89.0
2024-01-18T10:23:55Z,89.0
2024-01-18T10:23:58Z,89.0
2024-01-18T10:24:00Z,88.0
2024-01-18T10:24:01Z,89.0
2024-01-18T10:24:04Z,90.0
2024-01-18T10:24:05Z,91.0
2024-01-18T10:24:08Z,91.0
2024-01-18T10:24:09Z,90.0
2024-01-18T10:24:12Z,90.0
2024-01-18T10:24:13Z,90.0
2024-01-18T10:24:16Z,90.0
2024-01-18T10:24:17Z,90.0
2024-01-18T10:24:19Z,89.0
2024-01-18T10:24:22Z,89.0
2024-01-18T10:24:25Z,89.0
2024-01-18T10:24:26Z,89.0
2024-01-18T10:24:28Z,88.0
2024-01-18T10:24:30Z,87.0
2024-01-18T10:24:32Z,86.0
2024-01-18T10:24:35Z,86.0
2024-01-18T10:24:36Z,87.0
2024-01-18T10:24:37Z,88.0
2024-01-18T10:24:39Z,89.0
2024-01-18T10:24:41Z,88.0
2024-01-18T10:24:42Z,88.0
2024-01-18T10:24:44Z,89.0
2024-01-18T10:24:46Z,90.0
2024-01-18T10:24:47Z,91.0
2024-01-18T10:24:48Z,90.0
2024-01-18T10:24:50Z,89.0
2024-01-18T10:24:51Z,86.0
2024-01-18T10:24:52Z,85.0
2024-01-18T10:24:55Z,85.0
2024-01-18T10:24:56Z,84.0
2024-01-18T10:24:57Z,85.0
2024-01-18T10:24:59Z,86.0
2024-01-18T10:25:00Z,87.0
2024-01-18T10:25:01Z,88.0
2024-01-18T10:25:02Z,89.0
2024-01-18T10:25:05Z,89.0
2024-01-18T10:25:08Z,89.0
2024-01-18T10:25:09Z,90.0
2024-01-18T10:25:10Z,91.0
2024-01-18T10:25:13Z,92.0
2024-01-18T10:25:15Z,94.0
2024-01-18T10:25:18Z,93.0
2024-01-18T10:25:19Z,91.0
2024-01-18T10:25:20Z,89.0
2024-01-18T10:25:22Z,88.0
2024-01-18T10:25:23Z,86.0
2024-01-18T10:25:24Z,85.0
2024-01-18T10:25:26Z,84.0
2024-01-18T10:25:28Z,85.0
2024-01-18T10:25:31Z,84.0
2024-01-18T10:25:32Z,84.0
2024-01-18T10:25:34Z,85.0
2024-01-18T10:25:35Z,85.0
2024-01-18T10:25:38Z,85.0
2024-01-18T10:25:40Z,85.0
2024-01-18T10:25:43Z,85.0
2024-01-18T10:25:45Z,86.0
2024-01-18T10:25:47Z,84.0
2024-01-18T10:25:50Z,83.0
2024-01-18T10:25:51Z,83.0
2024-01-18T10:25:52Z,84.0
2024-01-18T10:25:55Z,84.0
2024-01-18T10:25:58Z,84.0
2024-01-18T10:26:01Z,84.0
2024-01-18T10:26:02Z,84.0
2024-01-18T10:26:03Z,85.0
2024-01-18T10:26:06Z,86.0
2024-01-18T10:26:09Z,85.0
2024-01-18T10:26:10Z,84.0
2024-01-18T10:26:11Z,84.0
2024-01-18T10:26:14Z,85.0
2024-01-18T10:26:17Z,85.0
2024-01-18T10:26:18Z,85.0
2024-01-18T10:26:20Z,84.0
2024-01-18T10:26:22Z,85.0
2024-01-18T10:26:23Z,85.0
2024-01-18T10:26:26Z,86.0
2024-01-18T10:26:27Z,86.0
2024-01-18T10:26:28Z,86.0
2024-01-18T10:26:29Z,85.0
2024-01-18T10:26:31Z,84.0
2024-01-18T10:26:33Z,84.0
2024-01-18T10:26:36Z,84.0
2024-01-18T10:26:37Z,85.0
2024-01-18T10:26:40Z,86.0
2024-01-18T10:26:42Z,87.0
2024-01-18T10:26:43Z,87.0
2024-01-18T10:26:45Z,88.0
2024-01-18T10:26:47Z,89.0
2024-01-18T10:26:49Z,88.0
2024-01-18T10:26:51Z,87.0
2024-01-18T10:26:52Z,86.0
2024-01-18T10:26:53Z,86.0
2024-01-18T10:26:56Z,86.0
2024-01-18T10:26:59Z,85.0
2024-01-18T10:27:01Z,85.0
2024-01-18T10:27:02Z,84.0
2024-01-18T10:27:03Z,84.0
2024-01-18T10:27:04Z,83.0
2024-01-18T10:27:05Z,83.0
2024-01-18T10:27:07Z,84.0
2024-01-18T10:27:08Z,85.0
2024-01-18T10:27:09Z,86.0
2024-01-18T10:27:10Z,87.0
2024-01-18T10:27:13Z,87.0
2024-01-18T10:27:14Z,86.0
2024-01-18T10:27:15Z,86.0
2024-01-18T10:27:17Z,86.0
2024-01-18T10:27:19Z,87.0
2024-01-18T10:27:22Z,88.0
2024-01-18T10:27:24Z,87.0
2024-01-18T10:27:27Z,86.0
2024-01-18T10:27:28Z,85.0
2024-01-18T10:27:30Z,85.0
2024-01-18T10:27:32Z,86.0
2024-01-18T10:27:33Z,87.0
2024-01-18T10:27:36Z,86.0
2024-01-18T10:27:37Z,85.0
2024-01-18T10:27:39Z,84.0
2024-01-18T10:27:40Z,84.0
2024-01-18T10:27:41Z,83.0
2024-01-18T10:27:44Z,84.0
2024-01-18T10:27:45Z,85.0
2024-01-18T10:27:46Z,86.0
2024-01-18T10:27:47Z,86.0
2024-01-18T10:27:50Z,85.0
2024-01-18T10:27:51Z,84.0
2024-01-18T10:27:52Z,84.0
2024-01-18T10:27:55Z,85.0
2024-01-18T10:27:58Z,86.0
2024-01-18T10:28:00Z,87.0
2024-01-18T10:28:03Z,87.0
2024-01-18T10:28:04Z,86.0
2024-01-18T10:28:05Z,86.0
2024-01-18T10:28:08Z,87.0
2024-01-18T10:28:11Z,87.0
2024-01-18T10:28:13Z,88.0
2024-01-18T10:28:14Z,87.0
2024-01-18T10:28:16Z,88.0
2024-01-18T10:28:17Z,89.0
2024-01-18T10:28:18Z,90.0
2024-01-18T10:28:19Z,90.0
2024-01-18T10:28:20Z,91.0
2024-01-18T10:28:22Z,90.0
2024-01-18T10:28:23Z,89.0
2024-01-18T10:28:25Z,88.0
2024-01-18T10:28:26Z,88.0
2024-01-18T10:28:29Z,88.0
2024-01-18T10:28:31Z,87.0
2024-01-18T10:28:32Z,87.0
2024-01-18T10:28:33Z,87.0
2024-01-18T10:28:34Z,86.0
2024-01-18T10:28:36Z,85.0
2024-01-18T10:28:37Z,86.0
2024-01-18T10:28:40Z,87.0
2024-01-18T10:28:42Z,87.0
2024-01-18T10:28:44Z,86.0
2024-01-18T10:28:45Z,85.0
2024-01-18T10:28:46Z,85.0
2024-01-18T10:28:49Z,85.0
2024-01-18T10:28:50Z,86.0
2024-01-18T10:28:52Z,87.0
2024-01-18T10:28:54Z,86.0
2024-01-18T10:28:55Z,85.0
2024-01-18T10:28:57Z,85.0
2024-01-18T10:28:58Z,84.0
2024-01-18T10:28:59Z,85.0
2024-01-18T10:29:02Z,87.0
2024-01-18T10:29:04Z,89.0
2024-01-18T10:29:07Z,89.0
2024-01-18T10:29:09Z,88.0
2024-01-18T10:29:11Z,87.0
2024-01-18T10:29:12Z,88.0
2024-01-18T10:29:13Z,88.0
2024-01-18T10:29:14Z,88.0
2024-01-18T10:29:15Z,89.0
2024-01-18T10:29:16Z,88.0
2024-01-18T10:29:19Z,88.0
2024-01-18T10:29:20Z,87.0
2024-01-18T10:29:23Z,87.0
2024-01-18T10:29:26Z,86.0
2024-01-18T10:29:27Z,85.0
2024-01-18T10:29:30Z,85.0
2024-01-18T10:29:33Z,86.0
2024-01-18T10:29:34Z,87.0
2024-01-18T10:29:35Z,88.0
2024-01-18T10:29:37Z,88.0
2024-01-18T10:29:39Z,87.0
2024-01-18T10:29:41Z,86.0
2024-01-18T10:29:43Z,87.0
2024-01-18T10:29:45Z,88.0
2024-01-18T10:29:48Z,88.0
2024-01-18T10:29:51Z,88.0
2024-01-18T10:29:52Z,89.0
2024-01-18T10:29:55Z,89.0
2024-01-18T10:29:57Z,88.0
2024-01-18T10:29:59Z,87.0
2024-01-18T10:30:01Z,88.0
2024-01-18T10:30:02Z,88.0
2024-01-18T10:30:05Z,88.0
2024-01-18T10:30:06Z,88.0
2024-01-18T10:30:09Z,88.0
2024-01-18T10:30:12Z,88.0
2024-01-18T10:30:15Z,88.0
2024-01-18T10:30:18Z,88.0
2024-01-18T10:30:19Z,88.0
2024-01-18T10:30:21Z,88.0
2024-01-18T10:30:24Z,88.0
2024-01-18T10:30:27Z,89.0
2024-01-18T10:30:30Z,90.0
2024-01-18T10:30:33Z,91.0
2024-01-18T10:30:34Z,90.0
2024-01-18T10:30:36Z,89.0
2024-01-18T10:30:39Z,89.0
2024-01-18T10:30:40Z,90.0
2024-01-18T10:30:43Z,89.0
2024-01-18T10:30:44Z,87.0
2024-01-18T10:30:46Z,85.0
2024-01-18T10:30:47Z,84.0
2024-01-18T10:30:48Z,83.0
2024-01-18T10:30:49Z,83.0
2024-01-18T10:30:52Z,84.0
2024-01-18T10:30:55Z,84.0
2024-01-18T10:30:57Z,83.0
2024-01-18T10:30:58Z,82.0
2024-01-18T10:31:01Z,83.0
2024-01-18T10:31:02Z,84.0
2024-01-18T10:31:03Z,85.0
2024-01-18T10:31:05Z,87.0
2024-01-18T10:31:06Z,88.0
2024-01-18T10:31:09Z,89.0
2024-01-18T10:31:10Z,90.0
2024-01-18T10:31:13Z,90.0
2024-01-18T10:31:15Z,90.0
2024-01-18T10:31:16Z,91.0
2024-01-18T10:31:17Z,91.0
2024-01-18T10:31:19Z,92.0
2024-01-18T10:31:20Z,93.0
2024-01-18T10:31:23Z,91.0
2024-01-18T10:31:24Z,89.0
2024-01-18T10:31:25Z,88.0
2024-01-18T10:31:26Z,87.0
2024-01-18T10:31:29Z,88.0
2024-01-18T10:31:30Z,89.0
2024-01-18T10:31:32Z,90.0
2024-01-18T10:31:35Z,90.0
2024-01-18T10:31:38Z,90.0
2024-01-18T10:31:41Z,90.0
2024-01-18T10:31:42Z,91.0
2024-01-18T10:31:43Z,92.0
2024-01-18T10:31:45Z,92.0
2024-01-18T10:31:46Z,90.0
2024-01-18T10:31:47Z,88.0
2024-01-18T10:31:48Z,87.0
2024-01-18T10:31:49Z,87.0
2024-01-18T10:31:52Z,87.0
2024-01-18T10:31:55Z,88.0
2024-01-18T10:31:56Z,87.0
2024-01-18T10:31:58Z,86.0
2024-01-18T10:32:00Z,86.0
2024-01-18T10:32:03Z,86.0
2024-01-18T10:32:04Z,85.0
2024-01-18T10:32:06Z,86.0
2024-01-18T10:32:09Z,86.0
2024-01-18T10:32:11Z,85.0
2024-01-18T10:32:12Z,84.0
2024-01-18T10:32:14Z,85.0
2024-01-18T10:32:16Z,86.0
2024-01-18T10:32:18Z,87.0
2024-01-18T10:32:19Z,86.0
2024-01-18T10:32:20Z,85.0
2024-01-18T10:32:21Z,83.0
2024-01-18T10:32:24Z,83.0
2024-01-18T10:32:26Z,83.0
2024-01-18T10:32:27Z,82.0
2024-01-18T10:32:28Z,83.0
2024-01-18T10:32:29Z,82.0
2024-01-18T10:32:32Z,82.0
2024-01-18T10:32:35Z,82.0
2024-01-18T10:32:36Z,83.0
2024-01-18T10:32:37Z,84.0
2024-01-18T10:32:38Z,87.0
2024-01-18T10:32:39Z,88.0
2024-01-18T10:32:41Z,90.0
2024-01-18T10:32:43Z,89.0
2024-01-18T10:32:44Z,88.0
2024-01-18T10:32:45Z,88.0
2024-01-18T10:32:46Z,87.0
2024-01-18T10:32:47Z,86.0
2024-01-18T10:32:48Z,85.0
2024-01-18T10:32:51Z,86.0
2024-01-18T10:32:52Z,87.0
2024-01-18T10:32:54Z,87.0
2024-01-18T10:32:56Z,86.0
2024-01-18T10:32:57Z,85.0
2024-01-18T10:32:59Z,85.0
2024-01-18T10:33:00Z,84.0
2024-01-18T10:33:02Z,83.0
2024-01-18T10:33:05Z,83.0
2024-01-18T10:33:06Z,84.0
2024-01-18T10:33:09Z,83.0
2024-01-18T10:33:12Z,83.0
2024-01-18T10:33:13Z,82.0
2024-01-18T10:33:14Z,82.0
2024-01-18T10:33:16Z,83.0
2024-01-18T10:33:19Z,84.0
2024-01-18T10:33:22Z,85.0
2024-01-18T10:33:25Z,85.0
2024-01-18T10:33:26Z,85.0
2024-01-18T10:33:27Z,86.0
2024-01-18T10:33:30Z,86.0
2024-01-18T10:33:33Z,86.0
2024-01-18T10:33:36Z,87.0
2024-01-18T10:33:37Z,88.0
2024-01-18T10:33:39Z,87.0
2024-01-18T10:33:41Z,86.0
2024-01-18T10:33:42Z,85.0
2024-01-18T10:33:45Z,85.0
2024-01-18T10:33:46Z,86.0
2024-01-18T10:33:47Z,86.0
2024-01-18T10:33:50Z,86.0
2024-01-18T10:33:51Z,86.0
2024-01-18T10:33:54Z,86.0
2024-01-18T10:33:55Z,87.0
2024-01-18T10:33:57Z,88.0
2024-01-18T10:33:59Z,88.0
2024-01-18T10:34:01Z,89.0
2024-01-18T10:34:03Z,90.0
2024-01-18T10:34:04Z,90.0
2024-01-18T10:34:07Z,90.0
2024-01-18T10:34:10Z,90.0
2024-01-18T10:34:12Z,91.0
2024-01-18T10:34:13Z,92.0
2024-01-18T10:34:16Z,92.0
2024-01-18T10:34:17Z,91.0
2024-01-18T10:34:18Z,89.0
2024-01-18T10:34:19Z,88.0
2024-01-18T10:34:21Z,87.0
2024-01-18T10:34:23Z,88.0
2024-01-18T10:34:24Z,89.0
2024-01-18T10:34:27Z,90.0
2024-01-18T10:34:29Z,88.0
2024-01-18T10:34:31Z,87.0
2024-01-18T10:34:32Z,86.0
2024-01-18T10:34:35Z,87.0
2024-01-18T10:34:36Z,88.0
2024-01-18T10:34:37Z,89.0
2024-01-18T10:34:38Z,90.0
2024-01-18T10:34:40Z,89.0
2024-01-18T10:34:41Z,87.0
2024-01-18T10:34:42Z,85.0
2024-01-18T10:34:45Z,86.0
2024-01-18T10:34:48Z,86.0
2024-01-18T10:34:49Z,85.0
2024-01-18T10:34:50Z,85.0
2024-01-18T10:34:51Z,84.0
2024-01-18T10:34:52Z,85.0
2024-01-18T10:34:55Z,86.0
2024-01-18T10:34:56Z,87.0
2024-01-18T10:34:59Z,87.0
2024-01-18T10:35:01Z,88.0
2024-01-18T10:35:03Z,89.0
2024-01-18T10:35:04Z,90.0
2024-01-18T10:35:07Z,90.0
2024-01-18T10:35:08Z,88.0
2024-01-18T10:35:11Z,88.0
2024-01-18T10:35:13Z,90.0
2024-01-18T10:35:14Z,91.0
2024-01-18T10:35:17Z,90.0
2024-01-18T10:35:18Z,89.0
2024-01-18T10:35:21Z,90.0
2024-01-18T10:35:24Z,89.0
2024-01-18T10:35:26Z,88.0
2024-01-18T10:35:27Z,87.0
2024-01-18T10:35:28Z,87.0
2024-01-18T10:35:31Z,88.0
2024-01-18T10:35:34Z,88.0
2024-01-18T10:35:37Z,89.0
2024-01-18T10:35:40Z,90.0
2024-01-18T10:35:42Z,89.0
2024-01-18T10:35:44Z,90.0
2024-01-18T10:35:45Z,90.0
2024-01-18T10:35:47Z,89.0
2024-01-18T10:35:50Z,88.0
2024-01-18T10:35:51Z,88.0
2024-01-18T10:35:54Z,88.0
2024-01-18T10:35:55Z,88.0
2024-01-18T10:35:58Z,88.0
2024-01-18T10:35:59Z,87.0
2024-01-18T10:36:00Z,87.0
2024-01-18T10:36:03Z,87.0
2024-01-18T10:36:04Z,88.0
2024-01-18T10:36:06Z,89.0
2024-01-18T10:36:07Z,88.0
2024-01-18T10:36:08Z,87.0
2024-01-18T10:36:09Z,84.0
2024-01-18T10:36:11Z,83.0
2024-01-18T10:36:12Z,82.0
2024-01-18T10:36:14Z,81.0
2024-01-18T10:36:17Z,80.0
2024-01-18T10:36:19Z,80.0
2024-01-18T10:36:21Z,81.0
2024-01-18T10:36:23Z,83.0
2024-01-18T10:36:26Z,84.0
2024-01-18T10:36:27Z,83.0
2024-01-18T10:36:29Z,83.0
2024-01-18T10:36:30Z,82.0
2024-01-18T10:36:33Z,82.0
2024-01-18T10:36:35Z,83.0
2024-01-18T10:36:36Z,85.0
2024-01-18T10:36:39Z,85.0
2024-01-18T10:36:40Z,86.0
2024-01-18T10:36:43Z,87.0
2024-01-18T10:36:45Z,88.0
2024-01-18T10:36:47Z,88.0
2024-01-18T10:36:48Z,89.0
2024-01-18T10:36:49Z,89.0
2024-01-18T10:36:50Z,90.0
2024-01-18T10:36:52Z,91.0
2024-01-18T10:36:53Z,89.0
2024-01-18T10:36:54Z,88.0
2024-01-18T10:36:57Z,88.0
2024-01-18T10:36:59Z,89.0
2024-01-18T10:37:01Z,90.0
2024-01-18T10:37:03Z,89.0
2024-01-18T10:37:04Z,88.0
2024-01-18T10:37:07Z,89.0
2024-01-18T10:37:10Z,89.0
2024-01-18T10:37:11Z,90.0
2024-01-18T10:37:12Z,89.0
2024-01-18T10:37:13Z,90.0
2024-01-18T10:37:16Z,90.0
2024-01-18T10:37:18Z,89.0
2024-01-18T10:37:20Z,88.0
2024-01-18T10:37:21Z,87.0
2024-01-18T10:37:22Z,86.0
2024-01-18T10:37:24Z,85.0
2024-01-18T10:37:27Z,85.0
