timestamp,speed
2025-06-14T00:23:51Z,6.18
2025-06-14T00:23:52Z,8.45
2025-06-14T00:23:53Z,9.12
2025-06-14T00:23:54Z,10.09
2025-06-14T00:23:55Z,10.50
2025-06-14T00:23:56Z,10.61
2025-06-14T00:23:57Z,10.63
2025-06-14T00:23:58Z,10.63
2025-06-14T00:23:59Z,10.65
2025-06-14T00:24:00Z,10.67
2025-06-14T00:24:01Z,10.64
2025-06-14T00:24:02Z,10.49
2025-06-14T00:24:03Z,10.40
2025-06-14T00:24:04Z,10.16
2025-06-14T00:24:05Z,10.17
2025-06-14T00:24:06Z,10.20
2025-06-14T00:24:07Z,10.25
2025-06-14T00:24:08Z,10.29
2025-06-14T00:24:09Z,10.28
2025-06-14T00:24:10Z,10.28
2025-06-14T00:24:11Z,10.27
2025-06-14T00:24:12Z,10.23
2025-06-14T00:24:13Z,10.23
2025-06-14T00:24:14Z,10.23
2025-06-14T00:24:15Z,10.28
2025-06-14T00:24:16Z,10.25
2025-06-14T00:24:17Z,10.28
2025-06-14T00:24:18Z,10.30
2025-06-14T00:24:19Z,10.30
2025-06-14T00:24:20Z,10.37
2025-06-14T00:24:21Z,10.44
2025-06-14T00:24:22Z,10.57
2025-06-14T00:24:23Z,10.53
2025-06-14T00:24:24Z,10.53
2025-06-14T00:24:25Z,10.54
2025-06-14T00:24:26Z,10.41
2025-06-14T00:24:27Z,10.28
2025-06-14T00:24:28Z,10.21
2025-06-14T00:24:29Z,10.14
2025-06-14T00:24:30Z,10.08
2025-06-14T00:24:31Z,10.08
2025-06-14T00:24:32Z,10.22
2025-06-14T00:24:33Z,10.24
2025-06-14T00:24:34Z,10.21
2025-06-14T00:24:35Z,10.18
2025-06-14T00:24:36Z,10.08
2025-06-14T00:24:37Z,10.13
2025-06-14T00:24:38Z,10.13
2025-06-14T00:24:39Z,10.10
2025-06-14T00:24:40Z,10.11
2025-06-14T00:24:41Z,10.16
2025-06-14T00:24:42Z,10.23
2025-06-14T00:24:43Z,10.23
2025-06-14T00:24:44Z,10.26
2025-06-14T00:24:45Z,10.33
2025-06-14T00:24:46Z,10.40
2025-06-14T00:24:47Z,10.48
2025-06-14T00:24:48Z,10.48
2025-06-14T00:24:49Z,10.56
2025-06-14T00:24:50Z,10.54
2025-06-14T00:24:51Z,10.57
2025-06-14T00:24:52Z,10.58
2025-06-14T00:24:53Z,10.56
2025-06-14T00:24:54Z,10.53
2025-06-14T00:24:55Z,10.44
2025-06-14T00:24:56Z,10.39
2025-06-14T00:24:57Z,10.30
2025-06-14T00:24:58Z,10.28
2025-06-14T00:24:59Z,10.23
2025-06-14T00:25:00Z,10.21
2025-06-14T00:25:01Z,10.23
2025-06-14T00:25:02Z,10.21
2025-06-14T00:25:03Z,10.17
2025-06-14T00:25:04Z,10.12
2025-06-14T00:25:05Z,10.08
2025-06-14T00:25:06Z,10.00
2025-06-14T00:25:07Z,9.93
2025-06-14T00:25:08Z,9.90
2025-06-14T00:25:09Z,9.84
2025-06-14T00:25:10Z,9.75
2025-06-14T00:25:11Z,9.81
2025-06-14T00:25:12Z,9.82
2025-06-14T00:25:13Z,9.77
2025-06-14T00:25:14Z,9.69
2025-06-14T00:25:15Z,9.71
2025-06-14T00:25:16Z,9.77
2025-06-14T00:25:17Z,9.83
2025-06-14T00:25:18Z,9.88
2025-06-14T00:25:19Z,9.86
2025-06-14T00:25:20Z,9.91
2025-06-14T00:25:21Z,9.96
2025-06-14T00:25:22Z,9.93
2025-06-14T00:25:23Z,9.97
2025-06-14T00:25:24Z,9.95
2025-06-14T00:25:25Z,9.98
2025-06-14T00:25:26Z,9.97
2025-06-14T00:25:27Z,9.96
2025-06-14T00:25:28Z,9.98
2025-06-14T00:25:29Z,9.98
2025-06-14T00:25:30Z,9.99
2025-06-14T00:25:31Z,9.98
2025-06-14T00:25:32Z,9.98
2025-06-14T00:25:33Z,9.92
2025-06-14T00:25:34Z,9.87
2025-06-14T00:25:35Z,9.83
2025-06-14T00:25:36Z,9.85
2025-06-14T00:25:37Z,9.85
2025-06-14T00:25:38Z,9.87
2025-06-14T00:25:39Z,9.97
2025-06-14T00:25:40Z,10.10
2025-06-14T00:25:41Z,10.13
2025-06-14T00:25:42Z,10.07
2025-06-14T00:25:43Z,10.12
2025-06-14T00:25:44Z,10.03
2025-06-14T00:25:45Z,9.95
2025-06-14T00:25:46Z,9.81
2025-06-14T00:25:47Z,9.76
2025-06-14T00:25:48Z,9.67
2025-06-14T00:25:49Z,9.48
2025-06-14T00:25:50Z,9.45
2025-06-14T00:25:51Z,9.36
2025-06-14T00:25:52Z,9.37
2025-06-14T00:25:53Z,9.40
2025-06-14T00:25:54Z,9.45
2025-06-14T00:25:55Z,9.49
2025-06-14T00:25:56Z,9.51
2025-06-14T00:25:57Z,9.58
2025-06-14T00:25:58Z,9.60
2025-06-14T00:25:59Z,9.64
2025-06-14T00:26:00Z,9.66
2025-06-14T00:26:01Z,9.67
2025-06-14T00:26:02Z,9.66
2025-06-14T00:26:03Z,9.63
2025-06-14T00:26:04Z,9.66
2025-06-14T00:26:05Z,9.62
2025-06-14T00:26:06Z,9.61
2025-06-14T00:26:07Z,9.61
2025-06-14T00:26:08Z,9.61
2025-06-14T00:26:09Z,9.64
2025-06-14T00:26:10Z,9.63
2025-06-14T00:26:11Z,9.64
2025-06-14T00:26:12Z,9.62
2025-06-14T00:26:13Z,9.59
2025-06-14T00:26:14Z,9.59
2025-06-14T00:26:15Z,9.62
2025-06-14T00:26:16Z,9.64
2025-06-14T00:26:17Z,9.64
2025-06-14T00:26:18Z,9.65
2025-06-14T00:26:19Z,9.65
2025-06-14T00:26:20Z,9.62
2025-06-14T00:26:21Z,9.59
2025-06-14T00:26:22Z,9.58
2025-06-14T00:26:23Z,9.60
2025-06-14T00:26:24Z,9.59
2025-06-14T00:26:25Z,9.64
2025-06-14T00:26:26Z,9.70
2025-06-14T00:26:27Z,9.73
2025-06-14T00:26:28Z,9.69
2025-06-14T00:26:29Z,9.70
2025-06-14T00:26:30Z,9.69
2025-06-14T00:26:31Z,9.69
2025-06-14T00:26:32Z,9.66
2025-06-14T00:26:33Z,9.64
2025-06-14T00:26:34Z,9.69
2025-06-14T00:26:35Z,9.67
2025-06-14T00:26:36Z,9.72
2025-06-14T00:26:37Z,9.70
2025-06-14T00:26:38Z,9.74
2025-06-14T00:26:39Z,9.73
2025-06-14T00:26:40Z,9.71
2025-06-14T00:26:41Z,9.74
2025-06-14T00:26:42Z,9.71
2025-06-14T00:26:43Z,9.69
2025-06-14T00:26:44Z,9.68
2025-06-14T00:26:45Z,9.65
2025-06-14T00:26:46Z,9.62
2025-06-14T00:26:47Z,9.62
2025-06-14T00:26:48Z,9.64
2025-06-14T00:26:49Z,9.65
2025-06-14T00:26:50Z,9.67
2025-06-14T00:26:51Z,9.70
2025-06-14T00:26:52Z,9.75
2025-06-14T00:26:53Z,9.73
2025-06-14T00:26:54Z,9.70
2025-06-14T00:26:55Z,9.71
2025-06-14T00:26:56Z,9.73
2025-06-14T00:26:57Z,9.73
2025-06-14T00:26:58Z,9.67
2025-06-14T00:26:59Z,9.66
2025-06-14T00:27:00Z,9.67
2025-06-14T00:27:01Z,9.66
2025-06-14T00:27:02Z,9.59
2025-06-14T00:27:03Z,9.55
2025-06-14T00:27:04Z,9.55
2025-06-14T00:27:05Z,9.47
2025-06-14T00:27:06Z,9.38
2025-06-14T00:27:07Z,9.25
2025-06-14T00:27:08Z,9.18
2025-06-14T00:27:09Z,9.14
2025-06-14T00:27:10Z,9.19
2025-06-14T00:27:11Z,9.27
2025-06-14T00:27:12Z,9.32
2025-06-14T00:27:13Z,9.37
2025-06-14T00:27:14Z,9.40
2025-06-14T00:27:15Z,9.40
2025-06-14T00:27:16Z,9.39
2025-06-14T00:27:17Z,9.33
2025-06-14T00:27:18Z,9.33
2025-06-14T00:27:19Z,9.33
2025-06-14T00:27:20Z,9.30
2025-06-14T00:27:21Z,9.31
2025-06-14T00:27:22Z,9.26
2025-06-14T00:27:23Z,9.27
2025-06-14T00:27:24Z,9.23
2025-06-14T00:27:25Z,9.19
2025-06-14T00:27:26Z,9.19
2025-06-14T00:27:27Z,9.27
2025-06-14T00:27:28Z,9.32
2025-06-14T00:27:29Z,9.29
2025-06-14T00:27:30Z,9.32
2025-06-14T00:27:31Z,9.37
2025-06-14T00:27:32Z,9.35
2025-06-14T00:27:33Z,9.30
2025-06-14T00:27:34Z,9.26
2025-06-14T00:27:35Z,9.27
2025-06-14T00:27:36Z,9.24
2025-06-14T00:27:37Z,9.18
2025-06-14T00:27:38Z,9.21
2025-06-14T00:27:39Z,9.13
2025-06-14T00:27:40Z,9.11
2025-06-14T00:27:41Z,9.03
2025-06-14T00:27:42Z,9.05
2025-06-14T00:27:43Z,9.15
2025-06-14T00:27:44Z,9.20
2025-06-14T00:27:45Z,9.30
2025-06-14T00:27:46Z,9.39
2025-06-14T00:27:47Z,9.53
2025-06-14T00:27:48Z,9.57
2025-06-14T00:27:49Z,9.66
2025-06-14T00:27:50Z,9.75
2025-06-14T00:27:51Z,9.91
2025-06-14T00:27:52Z,9.98
2025-06-14T00:27:53Z,10.09
2025-06-14T00:27:54Z,10.15
2025-06-14T00:27:55Z,10.10
2025-06-14T00:27:56Z,10.07
2025-06-14T00:27:57Z,10.08
2025-06-14T00:27:58Z,10.06
2025-06-14T00:27:59Z,10.04
2025-06-14T00:28:00Z,10.03
2025-06-14T00:28:01Z,10.04
2025-06-14T00:28:02Z,10.09
2025-06-14T00:28:03Z,10.18
2025-06-14T00:28:04Z,10.23
2025-06-14T00:28:05Z,10.17
2025-06-14T00:28:06Z,10.13
2025-06-14T00:28:07Z,10.09
2025-06-14T00:28:08Z,10.05
2025-06-14T00:28:09Z,10.02
2025-06-14T00:28:10Z,9.98
2025-06-14T00:28:11Z,10.08
2025-06-14T00:28:12Z,10.11
2025-06-14T00:28:13Z,10.20
2025-06-14T00:28:14Z,10.21
2025-06-14T00:28:15Z,10.13
2025-06-14T00:28:16Z,10.09
2025-06-14T00:28:17Z,10.09
2025-06-14T00:28:18Z,10.18
2025-06-14T00:28:19Z,10.16
2025-06-14T00:28:20Z,10.17
2025-06-14T00:28:21Z,10.25
2025-06-14T00:28:22Z,10.35
2025-06-14T00:28:23Z,10.33
2025-06-14T00:28:24Z,10.32
2025-06-14T00:28:25Z,10.32
2025-06-14T00:28:26Z,10.28
2025-06-14T00:28:27Z,10.32
2025-06-14T00:28:28Z,10.36
2025-06-14T00:28:29Z,10.32
2025-06-14T00:28:30Z,10.25
2025-06-14T00:28:31Z,10.25
2025-06-14T00:28:32Z,10.22
2025-06-14T00:28:33Z,10.16
2025-06-14T00:28:34Z,10.11
2025-06-14T00:28:35Z,10.13
2025-06-14T00:28:36Z,10.13
2025-06-14T00:28:37Z,10.13
2025-06-14T00:28:38Z,10.11
2025-06-14T00:28:39Z,10.23
2025-06-14T00:28:40Z,10.31
2025-06-14T00:28:41Z,10.43
2025-06-14T00:28:42Z,10.49
2025-06-14T00:28:43Z,10.58
2025-06-14T00:28:44Z,10.62
2025-06-14T00:28:45Z,10.60
2025-06-14T00:28:46Z,10.61
2025-06-14T00:28:47Z,10.59
2025-06-14T00:28:48Z,10.60
2025-06-14T00:28:49Z,10.57
2025-06-14T00:28:50Z,10.50
2025-06-14T00:28:51Z,10.53
2025-06-14T00:28:52Z,10.49
2025-06-14T00:28:53Z,10.52
2025-06-14T00:28:54Z,10.53
2025-06-14T00:28:55Z,10.51
2025-06-14T00:28:56Z,10.47
2025-06-14T00:28:57Z,10.43
2025-06-14T00:28:58Z,10.43
2025-06-14T00:28:59Z,10.44
2025-06-14T00:29:00Z,10.42
2025-06-14T00:29:01Z,10.45
2025-06-14T00:29:02Z,10.49
2025-06-14T00:29:03Z,10.57
2025-06-14T00:29:04Z,10.53
2025-06-14T00:29:05Z,10.40
2025-06-14T00:29:06Z,10.30
2025-06-14T00:29:07Z,10.16
2025-06-14T00:29:08Z,10.16
2025-06-14T00:29:09Z,10.13
2025-06-14T00:29:10Z,10.16
2025-06-14T00:29:11Z,10.25
2025-06-14T00:29:12Z,10.34
2025-06-14T00:29:13Z,10.43
2025-06-14T00:29:14Z,10.45
2025-06-14T00:29:15Z,10.42
2025-06-14T00:29:16Z,10.40
2025-06-14T00:29:17Z,10.38
2025-06-14T00:29:18Z,10.37
2025-06-14T00:29:19Z,10.37
2025-06-14T00:29:20Z,10.49
2025-06-14T00:29:21Z,10.57
2025-06-14T00:29:22Z,10.43
2025-06-14T00:29:24Z,10.26
2025-06-14T00:29:25Z,9.06
2025-06-14T00:29:26Z,8.34
2025-06-14T00:29:28Z,4.82
2025-06-14T00:29:29Z,4.38
2025-06-14T00:29:30Z,3.80
2025-06-14T00:29:31Z,5.22
2025-06-14T00:29:32Z,5.37
2025-06-14T00:29:33Z,5.45
2025-06-14T00:29:34Z,5.28
2025-06-14T00:29:35Z,5.35
2025-06-14T00:29:36Z,5.36
2025-06-14T00:29:38Z,5.29
2025-06-14T00:29:39Z,5.29
2025-06-14T00:29:40Z,5.37
2025-06-14T00:29:41Z,5.41
2025-06-14T00:29:42Z,5.36
2025-06-14T00:29:43Z,5.48
2025-06-14T00:29:44Z,5.45
2025-06-14T00:29:45Z,5.36
2025-06-14T00:29:46Z,5.32
2025-06-14T00:29:47Z,5.41
2025-06-14T00:29:48Z,5.37
2025-06-14T00:29:49Z,5.41
2025-06-14T00:29:50Z,5.39
2025-06-14T00:29:51Z,5.34
2025-06-14T00:29:53Z,5.30
2025-06-14T00:29:54Z,5.33
2025-06-14T00:29:55Z,5.19
2025-06-14T00:29:56Z,5.29
2025-06-14T00:29:57Z,5.26
2025-06-14T00:29:58Z,5.23
2025-06-14T00:29:59Z,5.25
2025-06-14T00:30:00Z,5.27
2025-06-14T00:30:02Z,5.26
2025-06-14T00:30:03Z,5.23
2025-06-14T00:30:05Z,5.19
2025-06-14T00:30:06Z,5.21
2025-06-14T00:30:07Z,5.23
2025-06-14T00:30:08Z,5.25
2025-06-14T00:30:09Z,5.26
2025-06-14T00:30:10Z,5.28
2025-06-14T00:30:11Z,5.30
2025-06-14T00:30:13Z,5.29
2025-06-14T00:30:14Z,5.30
2025-06-14T00:30:15Z,5.32
2025-06-14T00:30:16Z,5.31
2025-06-14T00:30:17Z,5.28
2025-06-14T00:30:20Z,5.09
2025-06-14T00:30:21Z,5.03
2025-06-14T00:30:22Z,5.03
2025-06-14T00:30:24Z,5.00
2025-06-14T00:30:25Z,5.01
2025-06-14T00:30:26Z,5.05
2025-06-14T00:30:27Z,5.13
2025-06-14T00:30:28Z,5.22
2025-06-14T00:30:29Z,5.25
2025-06-14T00:30:30Z,5.27
2025-06-14T00:30:31Z,5.29
2025-06-14T00:30:32Z,5.29
2025-06-14T00:30:33Z,5.28
2025-06-14T00:30:35Z,5.27
2025-06-14T00:30:36Z,5.28
2025-06-14T00:30:37Z,5.30
2025-06-14T00:30:38Z,5.29
2025-06-14T00:30:41Z,0.00
2025-06-14T00:30:42Z,0.00
2025-06-14T00:30:45Z,0.00
2025-06-14T00:30:46Z,0.00
2025-06-14T00:30:47Z,1.16
2025-06-14T00:30:48Z,3.62
2025-06-14T00:30:49Z,3.89
2025-06-14T00:30:50Z,4.08
2025-06-14T00:30:51Z,4.35
2025-06-14T00:30:52Z,4.59
2025-06-14T00:30:53Z,4.80
2025-06-14T00:30:54Z,5.02
2025-06-14T00:30:55Z,5.09
2025-06-14T00:30:56Z,5.33
2025-06-14T00:30:57Z,5.32
2025-06-14T00:30:58Z,5.04
2025-06-14T00:30:59Z,5.11
2025-06-14T00:31:01Z,4.98
2025-06-14T00:31:02Z,4.94
2025-06-14T00:31:03Z,4.94
2025-06-14T00:31:04Z,4.82
2025-06-14T00:31:05Z,4.90
2025-06-14T00:31:07Z,4.96
2025-06-14T00:31:08Z,5.07
2025-06-14T00:31:09Z,5.09
2025-06-14T00:31:11Z,5.10
2025-06-14T00:31:12Z,5.12
2025-06-14T00:31:13Z,5.12
2025-06-14T00:31:15Z,5.12
2025-06-14T00:31:17Z,5.06
2025-06-14T00:31:18Z,4.94
2025-06-14T00:31:19Z,4.90
2025-06-14T00:31:20Z,4.93
2025-06-14T00:31:22Z,4.88
2025-06-14T00:31:24Z,4.95
2025-06-14T00:31:25Z,5.14
2025-06-14T00:31:26Z,5.24
2025-06-14T00:31:27Z,5.21
2025-06-14T00:31:30Z,5.27
2025-06-14T00:31:31Z,5.50
2025-06-14T00:31:32Z,6.80
2025-06-14T00:31:33Z,8.70
2025-06-14T00:31:34Z,9.70
2025-06-14T00:31:35Z,10.38
2025-06-14T00:31:36Z,10.52
2025-06-14T00:31:37Z,10.58
2025-06-14T00:31:38Z,10.60
2025-06-14T00:31:39Z,10.62
2025-06-14T00:31:40Z,10.59
2025-06-14T00:31:41Z,10.63
2025-06-14T00:31:42Z,10.63
2025-06-14T00:31:43Z,10.60
2025-06-14T00:31:44Z,10.61
2025-06-14T00:31:45Z,10.61
2025-06-14T00:31:46Z,10.56
2025-06-14T00:31:47Z,10.46
2025-06-14T00:31:48Z,10.36
2025-06-14T00:31:49Z,10.49
2025-06-14T00:31:50Z,10.58
2025-06-14T00:31:51Z,10.69
2025-06-14T00:31:52Z,10.81
2025-06-14T00:31:53Z,10.97
2025-06-14T00:31:54Z,10.98
2025-06-14T00:31:55Z,11.03
2025-06-14T00:31:56Z,11.03
2025-06-14T00:31:57Z,11.01
2025-06-14T00:31:58Z,11.01
2025-06-14T00:31:59Z,11.01
2025-06-14T00:32:00Z,11.09
2025-06-14T00:32:01Z,11.05
2025-06-14T00:32:02Z,11.08
2025-06-14T00:32:03Z,11.10
2025-06-14T00:32:04Z,11.10
2025-06-14T00:32:05Z,11.13
2025-06-14T00:32:06Z,11.10
2025-06-14T00:32:07Z,11.12
2025-06-14T00:32:08Z,11.06
2025-06-14T00:32:09Z,10.99
2025-06-14T00:32:10Z,11.02
2025-06-14T00:32:11Z,11.00
2025-06-14T00:32:12Z,11.00
2025-06-14T00:32:13Z,10.98
2025-06-14T00:32:14Z,11.08
2025-06-14T00:32:15Z,11.09
2025-06-14T00:32:16Z,11.03
2025-06-14T00:32:17Z,11.01
2025-06-14T00:32:18Z,11.01
2025-06-14T00:32:19Z,11.02
2025-06-14T00:32:20Z,10.95
2025-06-14T00:32:21Z,10.94
2025-06-14T00:32:22Z,10.98
2025-06-14T00:32:23Z,10.99
2025-06-14T00:32:24Z,11.01
2025-06-14T00:32:25Z,11.01
2025-06-14T00:32:26Z,11.04
2025-06-14T00:32:27Z,11.08
2025-06-14T00:32:28Z,11.09
2025-06-14T00:32:29Z,11.04
2025-06-14T00:32:30Z,11.04
2025-06-14T00:32:31Z,11.03
2025-06-14T00:32:32Z,10.93
2025-06-14T00:32:33Z,10.85
2025-06-14T00:32:34Z,10.85
2025-06-14T00:32:35Z,10.93
2025-06-14T00:32:36Z,10.92
2025-06-14T00:32:37Z,10.96
2025-06-14T00:32:38Z,11.03
2025-06-14T00:32:39Z,11.07
2025-06-14T00:32:40Z,11.07
2025-06-14T00:32:41Z,11.01
2025-06-14T00:32:42Z,11.01
2025-06-14T00:32:43Z,10.99
2025-06-14T00:32:44Z,10.98
2025-06-14T00:32:45Z,10.98
2025-06-14T00:32:46Z,10.98
2025-06-14T00:32:47Z,11.03
2025-06-14T00:32:48Z,10.97
2025-06-14T00:32:49Z,10.94
2025-06-14T00:32:50Z,10.91
2025-06-14T00:32:51Z,10.81
2025-06-14T00:32:52Z,10.76
2025-06-14T00:32:53Z,10.75
2025-06-14T00:32:54Z,10.75
2025-06-14T00:32:55Z,10.74
2025-06-14T00:32:56Z,10.76
2025-06-14T00:32:57Z,10.85
2025-06-14T00:32:58Z,10.90
2025-06-14T00:32:59Z,10.88
2025-06-14T00:33:00Z,10.92
2025-06-14T00:33:01Z,10.80
2025-06-14T00:33:02Z,10.53
2025-06-14T00:33:03Z,10.06
2025-06-14T00:33:04Z,9.84
2025-06-14T00:33:05Z,9.72
2025-06-14T00:33:06Z,9.66
2025-06-14T00:33:07Z,9.67
2025-06-14T00:33:08Z,9.99
2025-06-14T00:33:09Z,10.29
2025-06-14T00:33:10Z,10.37
2025-06-14T00:33:11Z,10.41
2025-06-14T00:33:12Z,10.37
2025-06-14T00:33:13Z,10.35
2025-06-14T00:33:14Z,10.33
2025-06-14T00:33:15Z,10.35
2025-06-14T00:33:16Z,10.35
2025-06-14T00:33:17Z,10.35
2025-06-14T00:33:18Z,10.39
2025-06-14T00:33:19Z,10.41
2025-06-14T00:33:20Z,10.44
2025-06-14T00:33:21Z,10.43
2025-06-14T00:33:22Z,10.41
2025-06-14T00:33:23Z,10.34
2025-06-14T00:33:24Z,10.35
2025-06-14T00:33:25Z,10.35
2025-06-14T00:33:26Z,10.34
2025-06-14T00:33:27Z,10.34
2025-06-14T00:33:28Z,10.34
2025-06-14T00:33:29Z,10.39
2025-06-14T00:33:30Z,10.39
2025-06-14T00:33:31Z,10.36
2025-06-14T00:33:32Z,10.39
2025-06-14T00:33:33Z,10.37
2025-06-14T00:33:34Z,10.34
2025-06-14T00:33:35Z,10.31
2025-06-14T00:33:36Z,10.29
2025-06-14T00:33:37Z,10.34
2025-06-14T00:33:38Z,10.34
2025-06-14T00:33:39Z,10.38
2025-06-14T00:33:40Z,10.33
2025-06-14T00:33:41Z,10.35
2025-06-14T00:33:42Z,10.36
2025-06-14T00:33:43Z,10.30
2025-06-14T00:33:44Z,10.25
2025-06-14T00:33:45Z,10.27
2025-06-14T00:33:46Z,10.29
2025-06-14T00:33:47Z,10.29
2025-06-14T00:33:48Z,10.25
2025-06-14T00:33:49Z,10.33
2025-06-14T00:33:50Z,10.37
2025-06-14T00:33:51Z,10.37
2025-06-14T00:33:52Z,10.39
2025-06-14T00:33:53Z,10.39
2025-06-14T00:33:54Z,10.40
2025-06-14T00:33:55Z,10.38
2025-06-14T00:33:56Z,10.36
2025-06-14T00:33:57Z,10.33
2025-06-14T00:33:58Z,10.32
2025-06-14T00:33:59Z,10.36
2025-06-14T00:34:00Z,10.36
2025-06-14T00:34:01Z,10.31
2025-06-14T00:34:02Z,10.31
2025-06-14T00:34:03Z,10.35
2025-06-14T00:34:04Z,10.35
2025-06-14T00:34:05Z,10.35
2025-06-14T00:34:06Z,10.36
2025-06-14T00:34:07Z,10.39
2025-06-14T00:34:08Z,10.38
2025-06-14T00:34:09Z,10.36
2025-06-14T00:34:10Z,10.35
2025-06-14T00:34:11Z,10.40
2025-06-14T00:34:12Z,10.37
2025-06-14T00:34:13Z,10.40
2025-06-14T00:34:14Z,10.50
2025-06-14T00:34:15Z,10.61
2025-06-14T00:34:16Z,10.69
2025-06-14T00:34:17Z,10.71
2025-06-14T00:34:18Z,10.79
2025-06-14T00:34:19Z,10.82
2025-06-14T00:34:20Z,10.87
2025-06-14T00:34:21Z,10.88
2025-06-14T00:34:22Z,10.88
2025-06-14T00:34:23Z,10.86
2025-06-14T00:34:24Z,10.76
2025-06-14T00:34:25Z,10.71
2025-06-14T00:34:26Z,10.30
2025-06-14T00:34:27Z,9.23
2025-06-14T00:34:28Z,8.64
2025-06-14T00:34:31Z,6.70
2025-06-14T00:34:32Z,5.21
2025-06-14T00:34:33Z,4.86
2025-06-14T00:34:34Z,5.18
2025-06-14T00:34:35Z,5.42
2025-06-14T00:34:36Z,5.46
2025-06-14T00:34:37Z,5.35
2025-06-14T00:34:38Z,5.27
2025-06-14T00:34:39Z,5.31
2025-06-14T00:34:40Z,5.35
2025-06-14T00:34:41Z,5.35
2025-06-14T00:34:42Z,5.35
2025-06-14T00:34:43Z,5.37
2025-06-14T00:34:44Z,5.37
2025-06-14T00:34:45Z,5.35
2025-06-14T00:34:46Z,5.35
2025-06-14T00:34:47Z,5.36
2025-06-14T00:34:48Z,5.34
2025-06-14T00:34:49Z,5.28
2025-06-14T00:34:50Z,5.23
2025-06-14T00:34:51Z,5.24
2025-06-14T00:34:52Z,5.21
2025-06-14T00:34:53Z,5.13
2025-06-14T00:34:54Z,4.98
2025-06-14T00:34:55Z,5.01
2025-06-14T00:34:56Z,5.02
2025-06-14T00:34:58Z,5.03
2025-06-14T00:34:59Z,4.97
2025-06-14T00:35:00Z,4.93
2025-06-14T00:35:01Z,4.94
2025-06-14T00:35:02Z,5.04
2025-06-14T00:35:03Z,5.05
2025-06-14T00:35:04Z,5.11
2025-06-14T00:35:05Z,5.08
2025-06-14T00:35:07Z,5.09
2025-06-14T00:35:08Z,5.03
2025-06-14T00:35:09Z,4.98
2025-06-14T00:35:10Z,5.02
2025-06-14T00:35:11Z,5.01
2025-06-14T00:35:12Z,4.94
2025-06-14T00:35:13Z,4.96
2025-06-14T00:35:14Z,4.96
2025-06-14T00:35:15Z,4.96
2025-06-14T00:35:16Z,5.02
2025-06-14T00:35:17Z,5.08
2025-06-14T00:35:19Z,5.08
2025-06-14T00:35:21Z,5.08
2025-06-14T00:35:22Z,5.07
2025-06-14T00:35:23Z,5.05
2025-06-14T00:35:24Z,4.99
2025-06-14T00:35:25Z,4.91
2025-06-14T00:35:27Z,4.92
2025-06-14T00:35:28Z,4.95
2025-06-14T00:35:29Z,4.92
2025-06-14T00:35:30Z,4.87
2025-06-14T00:35:31Z,4.81
2025-06-14T00:35:32Z,4.65
2025-06-14T00:35:35Z,4.74
2025-06-14T00:35:36Z,4.46
2025-06-14T00:35:38Z,3.99
2025-06-14T00:35:40Z,4.09
2025-06-14T00:35:41Z,4.16
2025-06-14T00:35:42Z,3.99
2025-06-14T00:35:43Z,4.26
2025-06-14T00:35:44Z,4.65
2025-06-14T00:35:45Z,4.04
2025-06-14T00:35:46Z,4.87
2025-06-14T00:35:47Z,5.04
2025-06-14T00:35:48Z,4.91
2025-06-14T00:35:50Z,4.63
2025-06-14T00:35:51Z,4.71
2025-06-14T00:35:52Z,4.60
2025-06-14T00:35:54Z,4.67
2025-06-14T00:35:56Z,4.67
2025-06-14T00:35:57Z,4.80
2025-06-14T00:35:58Z,4.79
2025-06-14T00:36:00Z,4.71
2025-06-14T00:36:01Z,4.51
2025-06-14T00:36:02Z,4.35
2025-06-14T00:36:03Z,4.45
2025-06-14T00:36:05Z,4.74
2025-06-14T00:36:08Z,4.81
2025-06-14T00:36:09Z,4.93
2025-06-14T00:36:10Z,4.99
2025-06-14T00:36:11Z,5.01
2025-06-14T00:36:14Z,4.91
2025-06-14T00:36:16Z,4.85
2025-06-14T00:36:17Z,4.75
2025-06-14T00:36:18Z,4.71
2025-06-14T00:36:19Z,4.70
2025-06-14T00:36:20Z,4.73
2025-06-14T00:36:21Z,4.73
2025-06-14T00:36:22Z,4.75
2025-06-14T00:36:23Z,4.76
2025-06-14T00:36:24Z,4.82
2025-06-14T00:36:25Z,4.86
2025-06-14T00:36:26Z,4.85
2025-06-14T00:36:27Z,4.85
2025-06-14T00:36:28Z,4.85
2025-06-14T00:36:29Z,4.86
2025-06-14T00:36:30Z,4.87
2025-06-14T00:36:32Z,4.87
2025-06-14T00:36:33Z,4.89
2025-06-14T00:36:34Z,4.90
2025-06-14T00:36:35Z,4.90
2025-06-14T00:36:36Z,4.90
2025-06-14T00:36:37Z,4.90
2025-06-14T00:36:38Z,4.89
2025-06-14T00:36:39Z,4.87
2025-06-14T00:36:40Z,4.86
2025-06-14T00:36:41Z,4.83
2025-06-14T00:36:42Z,4.80
2025-06-14T00:36:43Z,4.85
2025-06-14T00:36:44Z,4.88
2025-06-14T00:36:45Z,4.86
2025-06-14T00:36:46Z,4.83
2025-06-14T00:36:48Z,4.83
2025-06-14T00:36:49Z,4.85
2025-06-14T00:36:50Z,4.83
2025-06-14T00:36:51Z,4.83
2025-06-14T00:36:52Z,4.78
2025-06-14T00:36:54Z,4.82
2025-06-14T00:36:55Z,4.85
2025-06-14T00:36:56Z,4.84
2025-06-14T00:36:57Z,4.81
2025-06-14T00:36:59Z,4.80
2025-06-14T00:37:00Z,4.78
2025-06-14T00:37:01Z,4.85
2025-06-14T00:37:03Z,4.94
2025-06-14T00:37:05Z,4.97
2025-06-14T00:37:06Z,5.08
2025-06-14T00:37:08Z,5.05
2025-06-14T00:37:10Z,5.06
2025-06-14T00:37:11Z,5.08
2025-06-14T00:37:12Z,5.07
2025-06-14T00:37:13Z,5.00
2025-06-14T00:37:14Z,4.95
2025-06-14T00:37:15Z,4.95
2025-06-14T00:37:16Z,4.97
2025-06-14T00:37:18Z,4.88
2025-06-14T00:37:19Z,4.92
2025-06-14T00:37:20Z,4.96
2025-06-14T00:37:21Z,4.95
2025-06-14T00:37:22Z,5.03
2025-06-14T00:37:23Z,5.04
2025-06-14T00:37:24Z,5.03
2025-06-14T00:37:25Z,5.00
2025-06-14T00:37:26Z,5.00
2025-06-14T00:37:27Z,4.97
2025-06-14T00:37:28Z,4.99
2025-06-14T00:37:30Z,4.93
2025-06-14T00:37:31Z,4.86
2025-06-14T00:37:32Z,4.86
2025-06-14T00:37:33Z,4.85
2025-06-14T00:37:34Z,4.87
2025-06-14T00:37:36Z,4.89
2025-06-14T00:37:37Z,4.66
2025-06-14T00:37:38Z,5.25
2025-06-14T00:37:39Z,6.80
2025-06-14T00:37:40Z,8.43
2025-06-14T00:37:41Z,9.67
2025-06-14T00:37:42Z,10.70
2025-06-14T00:37:43Z,10.99
2025-06-14T00:37:44Z,11.02
2025-06-14T00:37:45Z,10.99
2025-06-14T00:37:46Z,11.03
2025-06-14T00:37:47Z,11.02
2025-06-14T00:37:48Z,11.00
2025-06-14T00:37:49Z,10.94
2025-06-14T00:37:50Z,10.92
2025-06-14T00:37:51Z,10.97
2025-06-14T00:37:52Z,10.94
2025-06-14T00:37:53Z,10.86
2025-06-14T00:37:54Z,10.90
2025-06-14T00:37:55Z,10.92
2025-06-14T00:37:56Z,10.99
2025-06-14T00:37:57Z,11.12
2025-06-14T00:37:58Z,11.13
2025-06-14T00:37:59Z,11.34
2025-06-14T00:38:00Z,11.48
2025-06-14T00:38:01Z,11.57
2025-06-14T00:38:02Z,11.44
2025-06-14T00:38:03Z,11.53
2025-06-14T00:38:04Z,11.67
2025-06-14T00:38:05Z,11.61
2025-06-14T00:38:06Z,11.64
2025-06-14T00:38:07Z,11.66
2025-06-14T00:38:08Z,11.65
2025-06-14T00:38:09Z,11.63
2025-06-14T00:38:10Z,11.70
2025-06-14T00:38:11Z,11.71
2025-06-14T00:38:12Z,11.68
2025-06-14T00:38:13Z,11.70
2025-06-14T00:38:14Z,11.75
2025-06-14T00:38:15Z,11.71
2025-06-14T00:38:16Z,11.64
2025-06-14T00:38:17Z,11.64
2025-06-14T00:38:18Z,11.64
2025-06-14T00:38:19Z,11.66
2025-06-14T00:38:20Z,11.65
2025-06-14T00:38:21Z,11.75
2025-06-14T00:38:22Z,11.79
2025-06-14T00:38:23Z,11.67
2025-06-14T00:38:24Z,11.49
2025-06-14T00:38:25Z,11.49
2025-06-14T00:38:26Z,11.58
2025-06-14T00:38:27Z,11.55
2025-06-14T00:38:28Z,11.48
2025-06-14T00:38:29Z,11.54
2025-06-14T00:38:30Z,11.52
2025-06-14T00:38:31Z,11.44
2025-06-14T00:38:32Z,11.24
2025-06-14T00:38:33Z,11.24
2025-06-14T00:38:34Z,11.28
2025-06-14T00:38:35Z,11.33
2025-06-14T00:38:36Z,11.36
2025-06-14T00:38:37Z,11.40
2025-06-14T00:38:38Z,11.56
2025-06-14T00:38:39Z,11.56
2025-06-14T00:38:40Z,11.48
2025-06-14T00:38:41Z,11.53
2025-06-14T00:38:42Z,11.62
2025-06-14T00:38:43Z,11.63
2025-06-14T00:38:44Z,11.66
2025-06-14T00:38:45Z,11.65
2025-06-14T00:38:46Z,11.67
2025-06-14T00:38:47Z,11.67
2025-06-14T00:38:48Z,11.67
2025-06-14T00:38:49Z,11.70
2025-06-14T00:38:50Z,11.71
2025-06-14T00:38:51Z,11.67
2025-06-14T00:38:52Z,11.65
2025-06-14T00:38:53Z,11.63
2025-06-14T00:38:54Z,11.63
2025-06-14T00:38:55Z,11.55
2025-06-14T00:38:56Z,11.48
2025-06-14T00:38:57Z,11.44
2025-06-14T00:38:58Z,11.35
2025-06-14T00:38:59Z,11.37
2025-06-14T00:39:00Z,11.41
2025-06-14T00:39:01Z,11.48
2025-06-14T00:39:02Z,11.62
2025-06-14T00:39:03Z,11.67
2025-06-14T00:39:04Z,11.69
2025-06-14T00:39:05Z,11.70
2025-06-14T00:39:06Z,11.68
2025-06-14T00:39:07Z,11.61
2025-06-14T00:39:08Z,11.55
2025-06-14T00:39:09Z,11.53
2025-06-14T00:39:10Z,11.51
2025-06-14T00:39:11Z,11.50
2025-06-14T00:39:12Z,11.42
2025-06-14T00:39:13Z,11.48
2025-06-14T00:39:14Z,11.51
2025-06-14T00:39:15Z,11.55
2025-06-14T00:39:16Z,11.57
2025-06-14T00:39:17Z,11.60
2025-06-14T00:39:18Z,11.64
2025-06-14T00:39:19Z,11.56
2025-06-14T00:39:20Z,11.43
2025-06-14T00:39:21Z,11.25
2025-06-14T00:39:22Z,11.10
2025-06-14T00:39:23Z,11.01
2025-06-14T00:39:24Z,10.96
2025-06-14T00:39:25Z,10.97
2025-06-14T00:39:26Z,11.02
2025-06-14T00:39:27Z,11.14
2025-06-14T00:39:28Z,11.23
2025-06-14T00:39:29Z,11.20
2025-06-14T00:39:30Z,11.19
2025-06-14T00:39:31Z,11.13
2025-06-14T00:39:32Z,11.09
2025-06-14T00:39:33Z,10.99
2025-06-14T00:39:34Z,10.92
2025-06-14T00:39:35Z,10.80
2025-06-14T00:39:36Z,10.76
2025-06-14T00:39:37Z,10.73
2025-06-14T00:39:38Z,10.72
2025-06-14T00:39:39Z,10.70
2025-06-14T00:39:40Z,10.69
2025-06-14T00:39:41Z,10.74
2025-06-14T00:39:42Z,10.72
2025-06-14T00:39:43Z,10.75
2025-06-14T00:39:44Z,10.69
2025-06-14T00:39:45Z,10.69
2025-06-14T00:39:46Z,10.71
2025-06-14T00:39:47Z,10.66
2025-06-14T00:39:48Z,10.73
2025-06-14T00:39:49Z,10.63
2025-06-14T00:39:50Z,10.63
2025-06-14T00:39:51Z,10.62
2025-06-14T00:39:52Z,10.52
2025-06-14T00:39:53Z,10.39
2025-06-14T00:39:54Z,10.28
2025-06-14T00:39:55Z,10.20
2025-06-14T00:39:56Z,10.12
2025-06-14T00:39:57Z,9.97
2025-06-14T00:39:58Z,9.95
2025-06-14T00:39:59Z,9.97
2025-06-14T00:40:00Z,9.96
2025-06-14T00:40:01Z,9.97
2025-06-14T00:40:02Z,9.99
2025-06-14T00:40:03Z,10.09
2025-06-14T00:40:04Z,10.16
2025-06-14T00:40:05Z,10.23
2025-06-14T00:40:06Z,10.36
2025-06-14T00:40:07Z,10.42
2025-06-14T00:40:08Z,10.48
2025-06-14T00:40:09Z,10.52
2025-06-14T00:40:10Z,10.52
2025-06-14T00:40:11Z,10.52
2025-06-14T00:40:12Z,10.49
2025-06-14T00:40:13Z,10.50
2025-06-14T00:40:14Z,10.48
2025-06-14T00:40:15Z,10.50
2025-06-14T00:40:16Z,10.56
2025-06-14T00:40:17Z,10.59
2025-06-14T00:40:18Z,10.60
2025-06-14T00:40:19Z,10.61
2025-06-14T00:40:20Z,10.63
2025-06-14T00:40:21Z,10.63
2025-06-14T00:40:22Z,10.62
2025-06-14T00:40:23Z,10.61
2025-06-14T00:40:24Z,10.61
2025-06-14T00:40:25Z,10.61
2025-06-14T00:40:26Z,10.61
2025-06-14T00:40:27Z,10.61
2025-06-14T00:40:28Z,10.62
2025-06-14T00:40:29Z,10.63
2025-06-14T00:40:30Z,10.63
2025-06-14T00:40:31Z,10.62
2025-06-14T00:40:32Z,10.61
2025-06-14T00:40:33Z,10.63
2025-06-14T00:40:34Z,10.63
2025-06-14T00:40:35Z,10.63
2025-06-14T00:40:36Z,10.65
2025-06-14T00:40:37Z,10.66
2025-06-14T00:40:38Z,10.71
2025-06-14T00:40:39Z,10.66
2025-06-14T00:40:40Z,10.68
2025-06-14T00:40:41Z,10.70
2025-06-14T00:40:42Z,10.68
2025-06-14T00:40:43Z,10.69
2025-06-14T00:40:44Z,10.71
2025-06-14T00:40:45Z,10.72
2025-06-14T00:40:46Z,10.70
2025-06-14T00:40:47Z,10.66
2025-06-14T00:40:48Z,10.68
2025-06-14T00:40:49Z,10.62
2025-06-14T00:40:50Z,10.59
2025-06-14T00:40:51Z,10.51
2025-06-14T00:40:52Z,10.53
2025-06-14T00:40:53Z,10.48
2025-06-14T00:40:54Z,10.36
2025-06-14T00:40:56Z,9.93
2025-06-14T00:40:57Z,8.94
2025-06-14T00:40:58Z,8.48
2025-06-14T00:41:00Z,6.39
2025-06-14T00:41:01Z,4.90
2025-06-14T00:41:02Z,4.45
2025-06-14T00:41:03Z,5.13
2025-06-14T00:41:04Z,5.12
2025-06-14T00:41:05Z,5.13
2025-06-14T00:41:06Z,5.17
2025-06-14T00:41:07Z,5.19
2025-06-14T00:41:08Z,5.14
2025-06-14T00:41:09Z,5.05
2025-06-14T00:41:10Z,5.04
2025-06-14T00:41:11Z,5.05
2025-06-14T00:41:12Z,5.22
2025-06-14T00:41:14Z,5.21
2025-06-14T00:41:15Z,5.19
2025-06-14T00:41:16Z,5.01
2025-06-14T00:41:17Z,4.86
2025-06-14T00:41:18Z,5.03
2025-06-14T00:41:19Z,5.21
2025-06-14T00:41:20Z,5.24
2025-06-14T00:41:21Z,5.28
2025-06-14T00:41:22Z,5.34
2025-06-14T00:41:23Z,5.37
2025-06-14T00:41:24Z,5.26
2025-06-14T00:41:25Z,5.35
2025-06-14T00:41:26Z,5.32
2025-06-14T00:41:27Z,5.33
2025-06-14T00:41:28Z,5.33
2025-06-14T00:41:30Z,5.32
2025-06-14T00:41:31Z,5.33
2025-06-14T00:41:32Z,5.34
2025-06-14T00:41:33Z,5.29
2025-06-14T00:41:34Z,5.25
2025-06-14T00:41:35Z,5.27
2025-06-14T00:41:36Z,5.27
2025-06-14T00:41:37Z,5.25
2025-06-14T00:41:38Z,5.23
2025-06-14T00:41:39Z,5.22
2025-06-14T00:41:40Z,5.27
2025-06-14T00:41:41Z,5.21
2025-06-14T00:41:42Z,5.26
2025-06-14T00:41:43Z,5.28
2025-06-14T00:41:44Z,5.32
2025-06-14T00:41:45Z,5.26
2025-06-14T00:41:47Z,5.26
2025-06-14T00:41:48Z,5.18
2025-06-14T00:41:49Z,5.12
2025-06-14T00:41:50Z,5.13
2025-06-14T00:41:51Z,5.08
2025-06-14T00:41:52Z,5.06
2025-06-14T00:41:53Z,5.08
2025-06-14T00:41:55Z,5.06
2025-06-14T00:41:56Z,5.02
2025-06-14T00:41:57Z,5.04
2025-06-14T00:41:58Z,5.07
2025-06-14T00:41:59Z,5.09
2025-06-14T00:42:00Z,5.08
2025-06-14T00:42:02Z,5.09
2025-06-14T00:42:03Z,5.12
2025-06-14T00:42:04Z,5.18
2025-06-14T00:42:05Z,5.21
2025-06-14T00:42:06Z,5.14
2025-06-14T00:42:07Z,5.16
2025-06-14T00:42:08Z,5.17
2025-06-14T00:42:09Z,5.21
2025-06-14T00:42:10Z,5.19
2025-06-14T00:42:11Z,5.07
2025-06-14T00:42:12Z,5.05
2025-06-14T00:42:13Z,5.14
2025-06-14T00:42:14Z,5.19
2025-06-14T00:42:15Z,5.21
2025-06-14T00:42:16Z,5.22
2025-06-14T00:42:17Z,5.23
2025-06-14T00:42:18Z,5.24
2025-06-14T00:42:19Z,5.27
2025-06-14T00:42:20Z,5.27
2025-06-14T00:42:21Z,5.31
2025-06-14T00:42:22Z,5.38
2025-06-14T00:42:23Z,5.28
2025-06-14T00:42:24Z,5.18
2025-06-14T00:42:25Z,5.13
2025-06-14T00:42:26Z,5.07
2025-06-14T00:42:27Z,5.06
2025-06-14T00:42:28Z,5.07
2025-06-14T00:42:29Z,5.21
2025-06-14T00:42:32Z,4.97
2025-06-14T00:42:33Z,4.45
2025-06-14T00:42:34Z,4.49
2025-06-14T00:42:35Z,5.13
2025-06-14T00:42:36Z,7.03
2025-06-14T00:42:37Z,8.86
2025-06-14T00:42:38Z,9.91
2025-06-14T00:42:39Z,10.71
2025-06-14T00:42:40Z,10.78
2025-06-14T00:42:41Z,10.79
2025-06-14T00:42:42Z,10.76
2025-06-14T00:42:43Z,10.78
2025-06-14T00:42:44Z,10.75
2025-06-14T00:42:45Z,10.77
2025-06-14T00:42:46Z,10.78
2025-06-14T00:42:47Z,10.80
2025-06-14T00:42:48Z,10.78
2025-06-14T00:42:49Z,10.77
2025-06-14T00:42:50Z,10.80
2025-06-14T00:42:51Z,10.80
2025-06-14T00:42:52Z,10.82
2025-06-14T00:42:53Z,10.80
2025-06-14T00:42:54Z,10.83
2025-06-14T00:42:55Z,10.82
2025-06-14T00:42:56Z,10.80
2025-06-14T00:42:57Z,10.80
2025-06-14T00:42:58Z,10.80
2025-06-14T00:42:59Z,10.81
2025-06-14T00:43:00Z,10.78
2025-06-14T00:43:01Z,10.77
2025-06-14T00:43:02Z,10.76
2025-06-14T00:43:03Z,10.75
2025-06-14T00:43:04Z,10.75
2025-06-14T00:43:05Z,10.75
2025-06-14T00:43:06Z,10.74
2025-06-14T00:43:07Z,10.75
2025-06-14T00:43:08Z,10.75
2025-06-14T00:43:09Z,10.71
2025-06-14T00:43:10Z,10.71
2025-06-14T00:43:11Z,10.70
2025-06-14T00:43:12Z,10.75
2025-06-14T00:43:13Z,10.75
2025-06-14T00:43:14Z,10.76
2025-06-14T00:43:15Z,10.74
2025-06-14T00:43:16Z,10.74
2025-06-14T00:43:17Z,10.77
2025-06-14T00:43:18Z,10.74
2025-06-14T00:43:19Z,10.71
2025-06-14T00:43:20Z,10.72
2025-06-14T00:43:21Z,10.77
2025-06-14T00:43:22Z,10.72
2025-06-14T00:43:23Z,10.72
2025-06-14T00:43:24Z,10.77
2025-06-14T00:43:25Z,10.75
2025-06-14T00:43:26Z,10.78
2025-06-14T00:43:27Z,10.77
2025-06-14T00:43:28Z,10.75
2025-06-14T00:43:29Z,10.76
2025-06-14T00:43:30Z,10.71
2025-06-14T00:43:31Z,10.77
2025-06-14T00:43:32Z,10.73
2025-06-14T00:43:33Z,10.73
2025-06-14T00:43:34Z,10.74
2025-06-14T00:43:35Z,10.74
2025-06-14T00:43:36Z,10.73
2025-06-14T00:43:37Z,10.71
2025-06-14T00:43:38Z,10.72
2025-06-14T00:43:39Z,10.71
2025-06-14T00:43:40Z,10.71
2025-06-14T00:43:41Z,10.71
2025-06-14T00:43:42Z,10.71
2025-06-14T00:43:43Z,10.71
2025-06-14T00:43:44Z,10.74
2025-06-14T00:43:45Z,10.73
2025-06-14T00:43:46Z,10.71
2025-06-14T00:43:47Z,10.73
2025-06-14T00:43:48Z,10.77
2025-06-14T00:43:49Z,10.84
2025-06-14T00:43:50Z,10.84
2025-06-14T00:43:51Z,10.88
2025-06-14T00:43:52Z,10.93
2025-06-14T00:43:53Z,10.89
2025-06-14T00:43:54Z,10.88
2025-06-14T00:43:55Z,10.83
2025-06-14T00:43:56Z,10.83
2025-06-14T00:43:57Z,10.81
2025-06-14T00:43:58Z,10.81
2025-06-14T00:43:59Z,10.84
2025-06-14T00:44:00Z,10.86
2025-06-14T00:44:01Z,10.90
2025-06-14T00:44:02Z,10.87
2025-06-14T00:44:03Z,10.89
2025-06-14T00:44:04Z,10.91
2025-06-14T00:44:05Z,10.92
2025-06-14T00:44:06Z,10.92
2025-06-14T00:44:07Z,10.97
2025-06-14T00:44:08Z,10.96
2025-06-14T00:44:09Z,10.94
2025-06-14T00:44:10Z,10.84
2025-06-14T00:44:11Z,10.79
2025-06-14T00:44:12Z,10.71
2025-06-14T00:44:13Z,10.65
2025-06-14T00:44:14Z,10.64
2025-06-14T00:44:15Z,10.66
2025-06-14T00:44:16Z,10.72
2025-06-14T00:44:17Z,10.77
2025-06-14T00:44:18Z,10.77
2025-06-14T00:44:19Z,10.81
2025-06-14T00:44:20Z,10.80
2025-06-14T00:44:21Z,10.81
2025-06-14T00:44:22Z,10.86
2025-06-14T00:44:23Z,10.93
2025-06-14T00:44:24Z,10.97
2025-06-14T00:44:25Z,11.04
2025-06-14T00:44:26Z,11.07
2025-06-14T00:44:27Z,11.11
2025-06-14T00:44:28Z,11.07
2025-06-14T00:44:29Z,11.05
2025-06-14T00:44:30Z,10.99
2025-06-14T00:44:31Z,10.96
2025-06-14T00:44:32Z,10.97
2025-06-14T00:44:33Z,10.93
2025-06-14T00:44:34Z,10.94
2025-06-14T00:44:35Z,10.97
2025-06-14T00:44:36Z,11.03
2025-06-14T00:44:37Z,11.04
2025-06-14T00:44:38Z,11.03
2025-06-14T00:44:39Z,11.05
2025-06-14T00:44:40Z,11.04
2025-06-14T00:44:41Z,11.05
2025-06-14T00:44:42Z,11.01
2025-06-14T00:44:43Z,11.05
2025-06-14T00:44:44Z,11.05
2025-06-14T00:44:45Z,11.07
2025-06-14T00:44:46Z,11.08
2025-06-14T00:44:47Z,11.03
2025-06-14T00:44:48Z,11.02
2025-06-14T00:44:49Z,10.92
2025-06-14T00:44:50Z,10.85
2025-06-14T00:44:51Z,10.82
2025-06-14T00:44:52Z,10.82
2025-06-14T00:44:53Z,10.85
2025-06-14T00:44:54Z,10.90
2025-06-14T00:44:55Z,11.01
2025-06-14T00:44:56Z,11.07
2025-06-14T00:44:57Z,11.04
2025-06-14T00:44:58Z,11.08
2025-06-14T00:44:59Z,11.02
2025-06-14T00:45:00Z,10.98
2025-06-14T00:45:01Z,10.93
2025-06-14T00:45:02Z,10.98
2025-06-14T00:45:03Z,10.94
2025-06-14T00:45:04Z,10.94
2025-06-14T00:45:05Z,10.94
2025-06-14T00:45:06Z,10.94
2025-06-14T00:45:07Z,10.98
2025-06-14T00:45:08Z,10.94
2025-06-14T00:45:09Z,10.96
2025-06-14T00:45:10Z,10.95
2025-06-14T00:45:11Z,10.99
2025-06-14T00:45:12Z,10.97
2025-06-14T00:45:13Z,10.98
2025-06-14T00:45:14Z,10.98
2025-06-14T00:45:15Z,10.96
2025-06-14T00:45:16Z,10.93
2025-06-14T00:45:17Z,10.86
2025-06-14T00:45:18Z,10.86
2025-06-14T00:45:19Z,10.83
2025-06-14T00:45:20Z,10.86
2025-06-14T00:45:21Z,10.85
2025-06-14T00:45:22Z,10.89
2025-06-14T00:45:23Z,10.92
2025-06-14T00:45:24Z,10.97
2025-06-14T00:45:25Z,10.97
2025-06-14T00:45:26Z,10.97
2025-06-14T00:45:27Z,10.99
2025-06-14T00:45:28Z,11.01
2025-06-14T00:45:29Z,11.00
2025-06-14T00:45:30Z,10.99
2025-06-14T00:45:31Z,10.89
2025-06-14T00:45:32Z,10.84
2025-06-14T00:45:33Z,10.81
2025-06-14T00:45:34Z,10.76
2025-06-14T00:45:35Z,10.77
2025-06-14T00:45:36Z,10.82
2025-06-14T00:45:37Z,10.86
2025-06-14T00:45:38Z,10.86
2025-06-14T00:45:39Z,10.93
2025-06-14T00:45:40Z,10.94
2025-06-14T00:45:41Z,10.94
2025-06-14T00:45:42Z,10.91
2025-06-14T00:45:43Z,10.89
2025-06-14T00:45:44Z,10.89
2025-06-14T00:45:45Z,10.78
2025-06-14T00:45:46Z,10.77
2025-06-14T00:45:47Z,10.71
2025-06-14T00:45:48Z,10.76
2025-06-14T00:45:49Z,10.75
2025-06-14T00:45:50Z,10.80
2025-06-14T00:45:51Z,10.81
2025-06-14T00:45:52Z,10.76
2025-06-14T00:45:53Z,10.72
2025-06-14T00:45:54Z,10.70
2025-06-14T00:45:55Z,10.69
2025-06-14T00:45:56Z,10.73
2025-06-14T00:45:57Z,10.73
2025-06-14T00:45:58Z,10.82
2025-06-14T00:45:59Z,10.87
2025-06-14T00:46:00Z,10.86
2025-06-14T00:46:01Z,10.87
2025-06-14T00:46:02Z,10.76
2025-06-14T00:46:03Z,10.78
2025-06-14T00:46:04Z,10.70
2025-06-14T00:46:05Z,10.62
2025-06-14T00:46:06Z,10.41
2025-06-14T00:46:07Z,9.85
2025-06-14T00:46:08Z,8.92
2025-06-14T00:46:09Z,8.72
2025-06-14T00:46:10Z,7.68
2025-06-14T00:46:11Z,4.88
2025-06-14T00:46:12Z,4.68
2025-06-14T00:46:13Z,4.86
2025-06-14T00:46:14Z,5.13
2025-06-14T00:46:15Z,4.92
2025-06-14T00:46:16Z,4.84
2025-06-14T00:46:17Z,4.92
2025-06-14T00:46:18Z,5.07
2025-06-14T00:46:19Z,5.10
2025-06-14T00:46:20Z,5.11
2025-06-14T00:46:21Z,5.15
2025-06-14T00:46:22Z,5.17
2025-06-14T00:46:23Z,5.21
2025-06-14T00:46:24Z,5.26
2025-06-14T00:46:25Z,5.17
2025-06-14T00:46:26Z,5.14
2025-06-14T00:46:27Z,5.22
2025-06-14T00:46:28Z,5.15
2025-06-14T00:46:29Z,5.22
2025-06-14T00:46:31Z,5.10
2025-06-14T00:46:32Z,5.00
2025-06-14T00:46:33Z,4.85
2025-06-14T00:46:34Z,4.85
2025-06-14T00:46:35Z,4.90
2025-06-14T00:46:37Z,4.73
2025-06-14T00:46:38Z,4.81
2025-06-14T00:46:39Z,4.91
2025-06-14T00:46:40Z,5.06
2025-06-14T00:46:41Z,5.06
2025-06-14T00:46:42Z,5.06
2025-06-14T00:46:43Z,5.01
2025-06-14T00:46:44Z,5.17
2025-06-14T00:46:46Z,5.21
2025-06-14T00:46:47Z,5.20
2025-06-14T00:46:48Z,5.14
2025-06-14T00:46:49Z,4.96
2025-06-14T00:46:50Z,5.26
2025-06-14T00:46:51Z,5.21
2025-06-14T00:46:52Z,5.25
2025-06-14T00:46:53Z,5.28
2025-06-14T00:46:54Z,5.27
2025-06-14T00:46:55Z,5.32
2025-06-14T00:46:56Z,5.31
2025-06-14T00:46:58Z,5.16
2025-06-14T00:46:59Z,5.22
2025-06-14T00:47:00Z,5.02
2025-06-14T00:47:01Z,5.03
2025-06-14T00:47:02Z,5.14
2025-06-14T00:47:03Z,5.04
2025-06-14T00:47:04Z,5.05
2025-06-14T00:47:05Z,5.13
2025-06-14T00:47:06Z,5.21
2025-06-14T00:47:07Z,5.23
2025-06-14T00:47:08Z,5.25
2025-06-14T00:47:09Z,5.32
2025-06-14T00:47:10Z,5.28
2025-06-14T00:47:11Z,5.24
2025-06-14T00:47:12Z,5.35
2025-06-14T00:47:13Z,5.31
2025-06-14T00:47:14Z,5.31
2025-06-14T00:47:15Z,5.35
2025-06-14T00:47:16Z,5.05
2025-06-14T00:47:17Z,5.00
2025-06-14T00:47:18Z,5.18
2025-06-14T00:47:19Z,5.12
2025-06-14T00:47:20Z,5.05
2025-06-14T00:47:21Z,5.05
2025-06-14T00:47:22Z,4.98
2025-06-14T00:47:23Z,4.94
2025-06-14T00:47:24Z,5.00
2025-06-14T00:47:25Z,5.03
2025-06-14T00:47:28Z,4.99
2025-06-14T00:47:29Z,4.98
2025-06-14T00:47:30Z,4.98
2025-06-14T00:47:31Z,5.05
2025-06-14T00:47:32Z,5.08
2025-06-14T00:47:33Z,5.09
2025-06-14T00:47:34Z,5.13
2025-06-14T00:47:35Z,5.09
2025-06-14T00:47:36Z,5.05
2025-06-14T00:47:37Z,5.01
2025-06-14T00:47:38Z,4.96
2025-06-14T00:47:40Z,4.76
2025-06-14T00:47:42Z,4.59
2025-06-14T00:47:43Z,4.41
2025-06-14T00:47:45Z,4.36
2025-06-14T00:47:46Z,4.08
2025-06-14T00:47:47Z,3.44
2025-06-14T00:47:50Z,0.04
2025-06-14T00:48:00Z,0.04
2025-06-14T00:48:01Z,0.04
2025-06-14T00:48:02Z,3.13
2025-06-14T00:48:03Z,4.43
2025-06-14T00:48:04Z,4.40
2025-06-14T00:48:05Z,4.42
2025-06-14T00:48:06Z,3.98
2025-06-14T00:48:08Z,4.17
2025-06-14T00:48:09Z,4.12
2025-06-14T00:48:11Z,3.92
2025-06-14T00:48:12Z,4.06
2025-06-14T00:48:14Z,3.71
2025-06-14T00:48:15Z,3.19
2025-06-14T00:48:16Z,3.24
2025-06-14T00:48:18Z,3.12
2025-06-14T00:48:19Z,3.24
2025-06-14T00:48:20Z,3.46
2025-06-14T00:48:21Z,3.51
2025-06-14T00:48:22Z,3.93
2025-06-14T00:48:23Z,4.19
2025-06-14T00:48:24Z,4.14
2025-06-14T00:48:25Z,4.23
2025-06-14T00:48:26Z,4.39
2025-06-14T00:48:27Z,4.54
2025-06-14T00:48:28Z,4.82
2025-06-14T00:48:29Z,4.78
2025-06-14T00:48:30Z,4.82
2025-06-14T00:48:31Z,4.71
2025-06-14T00:48:32Z,4.71
2025-06-14T00:48:33Z,4.71
2025-06-14T00:48:34Z,4.86
2025-06-14T00:48:35Z,4.87
2025-06-14T00:48:36Z,4.89
2025-06-14T00:48:38Z,4.83
2025-06-14T00:48:39Z,4.58
2025-06-14T00:48:40Z,4.39
2025-06-14T00:48:41Z,4.58
2025-06-14T00:48:42Z,4.67
2025-06-14T00:48:43Z,4.69
2025-06-14T00:48:44Z,4.60
2025-06-14T00:48:45Z,4.82
2025-06-14T00:48:47Z,4.76
2025-06-14T00:48:48Z,4.75
2025-06-14T00:48:49Z,4.75
2025-06-14T00:48:50Z,4.47
2025-06-14T00:48:51Z,3.98
2025-06-14T00:48:52Z,3.81
2025-06-14T00:48:53Z,3.63
2025-06-14T00:48:54Z,3.48
2025-06-14T00:48:55Z,3.77
2025-06-14T00:48:56Z,3.93
2025-06-14T00:48:57Z,3.94
2025-06-14T00:48:58Z,4.47
2025-06-14T00:48:59Z,4.50
2025-06-14T00:49:00Z,4.54
2025-06-14T00:49:01Z,4.13
2025-06-14T00:49:02Z,3.78
2025-06-14T00:49:03Z,3.98
2025-06-14T00:49:04Z,4.44
2025-06-14T00:49:06Z,4.86
2025-06-14T00:49:07Z,4.94
2025-06-14T00:49:08Z,4.97
2025-06-14T00:49:09Z,5.03
2025-06-14T00:49:10Z,5.06
2025-06-14T00:49:11Z,5.12
2025-06-14T00:49:12Z,5.30
2025-06-14T00:49:13Z,5.20
2025-06-14T23:20:45Z,12.39
2025-06-14T23:20:46Z,10.96
2025-06-14T23:20:47Z,10.99
2025-06-14T23:20:48Z,10.98
2025-06-14T23:20:49Z,11.12
2025-06-14T23:20:50Z,11.13
2025-06-14T23:20:51Z,11.15
2025-06-14T23:20:52Z,11.18
2025-06-14T23:20:53Z,11.17
2025-06-14T23:20:54Z,11.19
2025-06-14T23:20:55Z,11.08
2025-06-14T23:20:56Z,11.06
2025-06-14T23:20:57Z,11.03
2025-06-14T23:20:58Z,11.02
2025-06-14T23:20:59Z,11.02
2025-06-14T23:21:00Z,10.97
2025-06-14T23:21:01Z,10.98
2025-06-14T23:21:02Z,10.99
2025-06-14T23:21:03Z,11.03
2025-06-14T23:21:04Z,11.06
2025-06-14T23:21:05Z,11.03
2025-06-14T23:21:06Z,11.05
2025-06-14T23:21:07Z,11.10
2025-06-14T23:21:08Z,11.12
2025-06-14T23:21:09Z,11.03
2025-06-14T23:21:12Z,10.19
2025-06-14T23:21:13Z,9.06
2025-06-14T23:21:14Z,6.77
2025-06-14T23:21:15Z,5.54
2025-06-14T23:21:16Z,5.43
2025-06-14T23:21:17Z,5.16
2025-06-14T23:21:18Z,5.10
2025-06-14T23:21:19Z,5.11
2025-06-14T23:21:20Z,5.17
2025-06-14T23:21:21Z,5.41
2025-06-14T23:21:22Z,5.63
2025-06-14T23:21:23Z,6.47
2025-06-14T23:21:24Z,7.79
2025-06-14T23:21:25Z,9.29
2025-06-14T23:21:26Z,10.27
2025-06-14T23:21:27Z,10.75
2025-06-14T23:21:28Z,10.81
2025-06-14T23:21:29Z,10.82
2025-06-14T23:21:30Z,10.78
2025-06-14T23:21:31Z,10.83
2025-06-14T23:21:32Z,10.83
2025-06-14T23:21:33Z,10.83
2025-06-14T23:21:34Z,10.79
2025-06-14T23:21:35Z,10.79
2025-06-14T23:21:36Z,10.83
2025-06-14T23:21:37Z,10.78
2025-06-14T23:21:38Z,10.74
2025-06-14T23:21:39Z,10.75
2025-06-14T23:21:40Z,10.80
2025-06-14T23:21:41Z,10.74
2025-06-14T23:21:42Z,10.74
2025-06-14T23:21:43Z,10.77
2025-06-14T23:21:44Z,10.78
2025-06-14T23:21:45Z,10.72
2025-06-14T23:21:46Z,10.64
2025-06-14T23:21:47Z,10.63
2025-06-14T23:21:48Z,10.67
2025-06-14T23:21:49Z,10.64
2025-06-14T23:21:50Z,10.70
2025-06-14T23:21:51Z,10.70
2025-06-14T23:21:52Z,10.80
2025-06-14T23:21:53Z,10.81
2025-06-14T23:21:54Z,10.64
2025-06-14T23:21:55Z,10.28
2025-06-14T23:21:56Z,8.94
2025-06-14T23:21:57Z,8.26
2025-06-14T23:21:58Z,7.54
2025-06-14T23:21:59Z,6.49
2025-06-14T23:22:00Z,5.83
2025-06-14T23:22:01Z,5.47
2025-06-14T23:22:02Z,5.53
2025-06-14T23:22:03Z,5.30
2025-06-14T23:22:04Z,5.19
2025-06-14T23:22:05Z,5.26
2025-06-14T23:22:06Z,5.26
2025-06-14T23:22:07Z,5.23
2025-06-14T23:22:08Z,5.25
2025-06-14T23:22:09Z,5.26
2025-06-14T23:22:10Z,5.28
2025-06-14T23:22:11Z,5.28
2025-06-14T23:22:12Z,5.35
2025-06-14T23:22:13Z,5.26
2025-06-14T23:22:14Z,5.30
2025-06-14T23:22:16Z,5.39
2025-06-14T23:22:17Z,5.92
2025-06-14T23:22:18Z,7.23
2025-06-14T23:22:19Z,8.56
2025-06-14T23:22:20Z,9.37
2025-06-14T23:22:21Z,10.09
2025-06-14T23:22:22Z,10.58
2025-06-14T23:22:23Z,10.60
2025-06-14T23:22:24Z,10.60
2025-06-14T23:22:25Z,10.63
2025-06-14T23:22:26Z,10.64
2025-06-14T23:22:27Z,10.64
2025-06-14T23:22:28Z,10.71
2025-06-14T23:22:29Z,10.72
2025-06-14T23:22:30Z,10.77
2025-06-14T23:22:31Z,10.77
2025-06-14T23:22:32Z,10.74
2025-06-14T23:22:33Z,10.75
2025-06-14T23:22:34Z,10.65
2025-06-14T23:22:35Z,10.59
2025-06-14T23:22:36Z,10.54
2025-06-14T23:22:37Z,10.44
2025-06-14T23:22:38Z,10.40
2025-06-14T23:22:39Z,10.48
2025-06-14T23:22:40Z,10.54
2025-06-14T23:22:41Z,10.58
2025-06-14T23:22:42Z,10.61
2025-06-14T23:22:43Z,10.66
2025-06-14T23:22:44Z,10.76
2025-06-14T23:22:45Z,10.74
2025-06-14T23:22:46Z,10.75
2025-06-14T23:22:47Z,10.82
2025-06-14T23:22:48Z,10.88
2025-06-14T23:22:49Z,10.89
2025-06-14T23:22:50Z,10.85
2025-06-14T23:22:51Z,10.90
2025-06-14T23:22:52Z,10.94
2025-06-14T23:22:53Z,10.94
2025-06-14T23:22:54Z,10.97
2025-06-14T23:22:55Z,11.02
2025-06-14T23:22:56Z,11.06
2025-06-14T23:22:57Z,11.05
2025-06-14T23:22:58Z,11.03
2025-06-14T23:22:59Z,10.95
2025-06-14T23:23:00Z,10.90
2025-06-14T23:23:01Z,10.84
2025-06-14T23:23:02Z,10.84
2025-06-14T23:23:03Z,10.80
2025-06-14T23:23:04Z,10.78
2025-06-14T23:23:05Z,10.86
2025-06-14T23:23:06Z,10.93
2025-06-14T23:23:07Z,10.91
2025-06-14T23:23:08Z,10.88
2025-06-14T23:23:09Z,10.88
2025-06-14T23:23:10Z,10.86
2025-06-14T23:23:11Z,10.75
2025-06-14T23:23:12Z,10.70
2025-06-14T23:23:13Z,10.71
2025-06-14T23:23:14Z,10.70
2025-06-14T23:23:15Z,10.68
2025-06-14T23:23:16Z,10.72
2025-06-14T23:23:17Z,10.81
2025-06-14T23:23:18Z,10.88
2025-06-14T23:23:19Z,10.93
2025-06-14T23:23:20Z,10.97
2025-06-14T23:23:21Z,11.03
2025-06-14T23:23:22Z,11.10
2025-06-14T23:23:23Z,11.10
2025-06-14T23:23:24Z,11.07
2025-06-14T23:23:25Z,11.07
2025-06-14T23:23:26Z,11.12
2025-06-14T23:23:27Z,11.11
2025-06-14T23:23:28Z,11.04
2025-06-14T23:23:29Z,11.03
2025-06-14T23:23:30Z,11.10
2025-06-14T23:23:31Z,11.07
2025-06-14T23:23:32Z,11.11
2025-06-14T23:23:33Z,11.12
2025-06-14T23:23:34Z,11.15
2025-06-14T23:23:35Z,11.15
2025-06-14T23:23:36Z,11.07
2025-06-14T23:23:37Z,11.07
2025-06-14T23:23:38Z,10.98
2025-06-14T23:23:39Z,10.95
2025-06-14T23:23:40Z,10.86
2025-06-14T23:23:41Z,10.93
2025-06-14T23:23:42Z,10.92
2025-06-14T23:23:43Z,10.97
2025-06-14T23:23:44Z,10.91
2025-06-14T23:23:45Z,10.94
2025-06-14T23:23:46Z,10.99
2025-06-14T23:23:47Z,10.98
2025-06-14T23:23:48Z,10.98
2025-06-14T23:23:49Z,11.00
2025-06-14T23:23:50Z,11.05
2025-06-14T23:23:51Z,11.09
2025-06-14T23:23:52Z,11.11
2025-06-14T23:23:53Z,11.12
2025-06-14T23:23:54Z,11.13
2025-06-14T23:23:55Z,11.14
2025-06-14T23:23:56Z,11.16
2025-06-14T23:23:57Z,11.14
2025-06-14T23:23:58Z,11.13
2025-06-14T23:23:59Z,11.16
2025-06-14T23:24:00Z,11.13
2025-06-14T23:24:01Z,11.16
2025-06-14T23:24:02Z,11.17
2025-06-14T23:24:03Z,11.12
2025-06-14T23:24:04Z,11.12
2025-06-14T23:24:05Z,11.13
2025-06-14T23:24:06Z,11.17
2025-06-14T23:24:07Z,11.12
2025-06-14T23:24:08Z,11.05
2025-06-14T23:24:09Z,11.09
2025-06-14T23:24:10Z,11.08
2025-06-14T23:24:11Z,11.09
2025-06-14T23:24:12Z,10.99
2025-06-14T23:24:13Z,11.03
2025-06-14T23:24:14Z,11.07
2025-06-14T23:24:15Z,11.08
2025-06-14T23:24:16Z,11.08
2025-06-14T23:24:17Z,11.03
2025-06-14T23:24:18Z,11.07
2025-06-14T23:24:19Z,11.08
2025-06-14T23:24:20Z,11.15
2025-06-14T23:24:21Z,11.13
2025-06-14T23:24:22Z,11.16
2025-06-14T23:24:23Z,11.16
2025-06-14T23:24:24Z,11.13
2025-06-14T23:24:25Z,11.11
2025-06-14T23:24:26Z,11.13
2025-06-14T23:24:27Z,11.15
2025-06-14T23:24:28Z,11.14
2025-06-14T23:24:29Z,11.16
2025-06-14T23:24:30Z,11.09
2025-06-14T23:24:31Z,11.11
2025-06-14T23:24:33Z,10.90
2025-06-14T23:24:34Z,10.03
2025-06-14T23:24:35Z,8.87
2025-06-14T23:24:36Z,7.32
2025-06-14T23:24:37Z,6.64
2025-06-14T23:24:38Z,6.03
2025-06-14T23:24:39Z,5.52
2025-06-14T23:24:40Z,5.46
2025-06-14T23:24:41Z,5.33
2025-06-14T23:24:42Z,5.02
2025-06-14T23:24:43Z,5.27
2025-06-14T23:24:44Z,5.32
2025-06-14T23:24:45Z,5.28
2025-06-14T23:24:46Z,5.32
2025-06-14T23:24:47Z,5.35
2025-06-14T23:24:48Z,5.22
2025-06-14T23:24:49Z,5.29
2025-06-14T23:24:50Z,5.26
2025-06-14T23:24:51Z,5.25
2025-06-14T23:24:52Z,5.27
2025-06-14T23:24:53Z,5.22
2025-06-14T23:24:54Z,5.22
2025-06-14T23:24:55Z,5.24
2025-06-14T23:24:56Z,5.22
2025-06-14T23:24:57Z,5.19
2025-06-14T23:24:59Z,5.25
2025-06-14T23:25:00Z,5.24
2025-06-14T23:25:01Z,5.26
2025-06-14T23:25:02Z,5.34
2025-06-14T23:25:03Z,6.57
2025-06-14T23:25:04Z,6.91
2025-06-14T23:25:05Z,8.50
2025-06-14T23:25:06Z,9.75
2025-06-14T23:25:07Z,10.50
2025-06-14T23:25:08Z,10.70
2025-06-14T23:25:09Z,10.71
2025-06-14T23:25:10Z,10.78
2025-06-14T23:25:11Z,10.84
2025-06-14T23:25:12Z,10.91
2025-06-14T23:25:13Z,10.92
2025-06-14T23:25:14Z,10.93
2025-06-14T23:25:15Z,10.99
2025-06-14T23:25:16Z,11.01
2025-06-14T23:25:17Z,11.03
2025-06-14T23:25:18Z,11.03
2025-06-14T23:25:19Z,11.05
2025-06-14T23:25:20Z,11.06
2025-06-14T23:25:21Z,11.03
2025-06-14T23:25:22Z,11.01
2025-06-14T23:25:23Z,11.04
2025-06-14T23:25:24Z,11.06
2025-06-14T23:25:25Z,11.09
2025-06-14T23:25:26Z,11.13
2025-06-14T23:25:27Z,11.19
2025-06-14T23:25:28Z,11.22
2025-06-14T23:25:29Z,11.22
2025-06-14T23:25:30Z,11.25
2025-06-14T23:25:31Z,11.22
2025-06-14T23:25:32Z,11.21
2025-06-14T23:25:33Z,11.18
2025-06-14T23:25:36Z,0.01
2025-06-14T23:25:37Z,0.01
2025-06-14T23:25:38Z,0.01
2025-06-14T23:25:39Z,0.01
2025-06-14T23:25:40Z,0.01
2025-06-14T23:25:41Z,0.01
2025-06-14T23:25:42Z,0.01
2025-06-14T23:25:43Z,5.19
2025-06-14T23:25:44Z,5.18
2025-06-14T23:25:45Z,5.18
2025-06-14T23:25:46Z,5.18
2025-06-14T23:25:47Z,5.21
2025-06-14T23:25:48Z,5.24
2025-06-14T23:25:49Z,5.24
2025-06-14T23:25:50Z,5.21
2025-06-14T23:25:51Z,5.19
2025-06-14T23:25:52Z,5.22
2025-06-14T23:25:53Z,5.20
2025-06-14T23:25:54Z,5.22
2025-06-14T23:25:59Z,7.04
2025-06-14T23:26:00Z,7.41
2025-06-14T23:26:01Z,9.44
2025-06-14T23:26:02Z,9.10
2025-06-14T23:26:03Z,10.11
2025-06-14T23:26:04Z,10.58
2025-06-14T23:26:05Z,10.72
2025-06-14T23:26:06Z,10.76
2025-06-14T23:26:07Z,10.77
2025-06-14T23:26:08Z,10.77
2025-06-14T23:26:09Z,10.72
2025-06-14T23:26:10Z,10.71
2025-06-14T23:26:11Z,10.77
2025-06-14T23:26:12Z,10.72
2025-06-14T23:26:13Z,10.76
2025-06-14T23:26:14Z,10.77
2025-06-14T23:26:15Z,10.73
2025-06-14T23:26:16Z,10.68
2025-06-14T23:26:17Z,10.62
2025-06-14T23:26:18Z,10.53
2025-06-14T23:26:19Z,10.47
2025-06-14T23:26:20Z,10.45
2025-06-14T23:26:21Z,10.45
2025-06-14T23:26:22Z,10.49
2025-06-14T23:26:23Z,10.49
2025-06-14T23:26:24Z,10.49
2025-06-14T23:26:25Z,10.49
2025-06-14T23:26:26Z,10.45
2025-06-14T23:26:27Z,10.47
2025-06-14T23:26:28Z,10.43
2025-06-14T23:26:29Z,10.37
2025-06-14T23:26:31Z,9.88
2025-06-14T23:26:32Z,8.95
2025-06-14T23:26:33Z,8.03
2025-06-14T23:26:34Z,7.30
2025-06-14T23:26:35Z,5.81
2025-06-14T23:26:36Z,5.16
2025-06-14T23:26:37Z,4.99
2025-06-14T23:26:39Z,5.04
2025-06-14T23:26:40Z,4.91
2025-06-14T23:26:41Z,4.96
2025-06-14T23:26:42Z,4.97
2025-06-14T23:26:43Z,5.16
2025-06-14T23:26:44Z,5.12
2025-06-14T23:26:45Z,5.16
2025-06-14T23:26:46Z,5.14
2025-06-14T23:26:47Z,4.96
2025-06-14T23:26:48Z,4.99
2025-06-14T23:26:49Z,4.94
2025-06-14T23:26:50Z,4.92
2025-06-14T23:26:51Z,4.97
2025-06-14T23:26:52Z,5.00
2025-06-14T23:26:53Z,5.04
2025-06-14T23:26:54Z,5.06
2025-06-14T23:26:55Z,5.08
2025-06-14T23:26:56Z,5.07
2025-06-14T23:26:57Z,5.10
2025-06-14T23:26:59Z,5.11
2025-06-14T23:27:00Z,5.10
2025-06-14T23:27:01Z,5.10
2025-06-14T23:27:02Z,5.11
2025-06-14T23:27:03Z,5.14
2025-06-14T23:27:04Z,5.13
2025-06-14T23:27:05Z,5.15
2025-06-14T23:27:06Z,5.16
2025-06-14T23:27:07Z,5.24
2025-06-14T23:27:08Z,5.27
2025-06-14T23:27:09Z,5.36
2025-06-14T23:27:10Z,5.30
2025-06-14T23:27:11Z,5.32
2025-06-14T23:27:12Z,5.40
2025-06-14T23:27:13Z,5.28
2025-06-14T23:27:14Z,5.20
2025-06-14T23:27:15Z,5.39
2025-06-14T23:27:16Z,5.31
2025-06-14T23:27:17Z,5.08
2025-06-14T23:27:18Z,5.37
2025-06-14T23:27:19Z,5.37
2025-06-14T23:27:20Z,5.33
2025-06-14T23:27:21Z,5.36
2025-06-14T23:27:22Z,5.21
2025-06-14T23:27:23Z,5.28
2025-06-14T23:27:24Z,5.31
2025-06-14T23:27:25Z,5.34
2025-06-14T23:27:26Z,5.35
2025-06-14T23:27:27Z,5.37
2025-06-14T23:27:28Z,5.36
2025-06-14T23:27:29Z,5.40
2025-06-14T23:27:30Z,5.44
2025-06-14T23:27:31Z,5.31
2025-06-14T23:27:32Z,5.37
2025-06-14T23:27:33Z,5.34
2025-06-14T23:27:34Z,5.30
2025-06-14T23:27:35Z,5.29
2025-06-14T23:27:36Z,5.29
2025-06-14T23:27:37Z,5.27
2025-06-14T23:27:38Z,5.29
2025-06-14T23:27:39Z,5.29
2025-06-14T23:27:40Z,5.23
2025-06-14T23:27:41Z,5.23
2025-06-14T23:27:42Z,5.28
2025-06-14T23:27:43Z,5.26
2025-06-14T23:27:46Z,5.31
2025-06-14T23:27:47Z,5.22
2025-06-14T23:27:48Z,5.23
2025-06-14T23:27:49Z,6.01
2025-06-14T23:27:50Z,7.33
2025-06-14T23:27:51Z,8.07
2025-06-14T23:27:52Z,9.31
2025-06-14T23:27:53Z,10.36
2025-06-14T23:27:54Z,10.63
2025-06-14T23:27:55Z,10.66
2025-06-14T23:27:56Z,10.64
2025-06-14T23:27:57Z,10.63
2025-06-14T23:27:58Z,10.61
2025-06-14T23:28:01Z,-0.01
2025-06-14T23:28:02Z,-0.01
2025-06-14T23:28:03Z,-0.01
2025-06-14T23:28:04Z,-0.01
2025-06-14T23:28:05Z,-0.01
2025-06-14T23:28:06Z,-0.01
2025-06-14T23:28:07Z,-0.01
2025-06-14T23:28:08Z,5.12
2025-06-14T23:28:09Z,5.14
2025-06-14T23:28:10Z,5.16
2025-06-14T23:28:11Z,5.17
2025-06-14T23:28:12Z,5.25
2025-06-14T23:28:13Z,5.26
2025-06-14T23:28:14Z,5.26
2025-06-14T23:28:15Z,5.26
2025-06-14T23:28:16Z,5.26
2025-06-14T23:28:18Z,5.25
2025-06-14T23:28:19Z,5.26
2025-06-14T23:28:20Z,5.22
2025-06-14T23:28:21Z,5.22
2025-06-14T23:28:22Z,5.21
2025-06-14T23:28:23Z,5.21
2025-06-14T23:28:24Z,5.19
2025-06-14T23:28:25Z,5.23
2025-06-14T23:28:27Z,5.23
2025-06-14T23:28:28Z,5.21
2025-06-14T23:28:29Z,5.22
2025-06-14T23:28:30Z,5.22
2025-06-14T23:28:31Z,5.23
2025-06-14T23:28:32Z,5.24
2025-06-14T23:28:33Z,5.13
2025-06-14T23:28:35Z,5.08
2025-06-14T23:28:36Z,5.03
2025-06-14T23:28:37Z,4.97
2025-06-14T23:28:38Z,4.99
2025-06-14T23:28:40Z,5.00
2025-06-14T23:28:41Z,5.06
2025-06-14T23:28:42Z,5.22
2025-06-14T23:28:43Z,5.05
2025-06-14T23:28:44Z,5.34
2025-06-14T23:28:45Z,5.33
2025-06-14T23:28:46Z,5.33
2025-06-14T23:28:47Z,5.32
2025-06-14T23:28:48Z,5.33
2025-06-14T23:28:49Z,5.31
2025-06-14T23:28:50Z,5.15
2025-06-14T23:28:51Z,5.23
2025-06-14T23:28:52Z,5.26
2025-06-14T23:28:53Z,5.26
2025-06-14T23:28:54Z,5.28
2025-06-14T23:28:55Z,5.26
2025-06-14T23:28:56Z,5.28
2025-06-14T23:28:57Z,5.29
2025-06-14T23:28:58Z,5.31
2025-06-14T23:28:59Z,5.31
2025-06-14T23:29:00Z,5.30
2025-06-14T23:29:01Z,5.30
2025-06-14T23:29:02Z,5.29
2025-06-14T23:29:03Z,5.38
2025-06-14T23:29:04Z,5.34
2025-06-14T23:29:06Z,5.36
2025-06-14T23:29:07Z,5.07
2025-06-14T23:29:08Z,5.01
2025-06-14T23:29:10Z,4.97
2025-06-14T23:29:11Z,5.09
2025-06-14T23:29:13Z,4.90
2025-06-14T23:29:14Z,5.16
2025-06-14T23:29:15Z,5.80
2025-06-14T23:29:16Z,7.04
2025-06-14T23:29:17Z,8.83
2025-06-14T23:29:18Z,10.11
2025-06-14T23:29:19Z,10.56
2025-06-14T23:29:20Z,10.70
2025-06-14T23:29:21Z,10.71
2025-06-14T23:29:22Z,10.68
2025-06-14T23:29:23Z,10.70
2025-06-14T23:29:24Z,10.70
2025-06-14T23:29:25Z,10.67
2025-06-14T23:29:26Z,10.70
2025-06-14T23:29:27Z,10.70
2025-06-14T23:29:28Z,10.74
2025-06-14T23:29:29Z,10.76
2025-06-14T23:29:30Z,10.75
2025-06-14T23:29:31Z,10.75
2025-06-14T23:29:32Z,10.77
2025-06-14T23:29:33Z,10.83
2025-06-14T23:29:34Z,10.88
2025-06-14T23:29:35Z,10.94
2025-06-14T23:29:36Z,11.01
2025-06-14T23:29:37Z,11.05
2025-06-14T23:29:38Z,11.10
2025-06-14T23:29:39Z,11.08
2025-06-14T23:29:40Z,11.06
2025-06-14T23:29:41Z,11.08
2025-06-14T23:29:42Z,11.06
2025-06-14T23:29:43Z,11.04
2025-06-14T23:29:44Z,11.02
2025-06-14T23:29:45Z,11.04
2025-06-14T23:29:46Z,11.05
2025-06-14T23:29:47Z,11.05
2025-06-14T23:29:48Z,11.05
2025-06-14T23:29:49Z,11.04
2025-06-14T23:29:50Z,11.01
2025-06-14T23:29:51Z,10.94
2025-06-14T23:29:52Z,10.96
2025-06-14T23:29:55Z,10.82
2025-06-14T23:29:56Z,9.48
2025-06-14T23:29:57Z,8.19
2025-06-14T23:29:58Z,7.46
2025-06-14T23:29:59Z,5.62
2025-06-14T23:30:00Z,5.12
2025-06-14T23:30:01Z,5.75
2025-06-14T23:30:02Z,5.03
2025-06-14T23:30:03Z,5.07
2025-06-14T23:30:04Z,4.98
2025-06-14T23:30:05Z,5.00
2025-06-14T23:30:06Z,5.00
2025-06-14T23:30:07Z,4.97
2025-06-14T23:30:08Z,5.08
2025-06-14T23:30:09Z,5.19
2025-06-14T23:30:10Z,5.23
2025-06-14T23:30:11Z,5.26
2025-06-14T23:30:13Z,5.28
2025-06-14T23:30:14Z,5.27
2025-06-14T23:30:15Z,5.31
2025-06-14T23:30:17Z,5.35
2025-06-14T23:30:18Z,5.31
2025-06-14T23:30:19Z,5.27
2025-06-14T23:30:20Z,5.23
2025-06-14T23:30:21Z,5.20
2025-06-14T23:30:22Z,5.06
2025-06-14T23:30:23Z,5.06
2025-06-14T23:30:24Z,5.00
2025-06-14T23:30:25Z,5.05
2025-06-14T23:30:26Z,5.01
2025-06-14T23:30:27Z,5.15
2025-06-14T23:30:28Z,5.17
2025-06-14T23:30:29Z,5.18
2025-06-14T23:30:30Z,5.20
2025-06-14T23:30:31Z,5.22
2025-06-14T23:30:32Z,5.26
2025-06-14T23:30:33Z,5.26
2025-06-14T23:30:34Z,5.25
2025-06-14T23:30:35Z,5.25
2025-06-14T23:30:36Z,5.26
2025-06-14T23:30:37Z,5.33
2025-06-14T23:30:38Z,5.31
2025-06-14T23:30:39Z,5.33
2025-06-14T23:30:40Z,5.33
2025-06-14T23:30:41Z,5.33
2025-06-14T23:30:42Z,5.28
2025-06-14T23:30:43Z,5.23
2025-06-14T23:30:44Z,5.22
2025-06-14T23:30:45Z,5.22
2025-06-14T23:30:46Z,5.24
2025-06-14T23:30:47Z,5.21
2025-06-14T23:30:48Z,5.23
2025-06-14T23:30:49Z,5.21
2025-06-14T23:30:50Z,5.20
2025-06-14T23:30:51Z,5.23
2025-06-14T23:30:52Z,5.26
2025-06-14T23:30:53Z,5.25
2025-06-14T23:30:54Z,5.23
2025-06-14T23:30:55Z,5.24
2025-06-14T23:30:56Z,5.25
2025-06-14T23:30:57Z,5.25
2025-06-14T23:30:58Z,5.23
2025-06-14T23:30:59Z,5.23
2025-06-14T23:31:00Z,5.26
2025-06-14T23:31:01Z,5.28
2025-06-14T23:31:02Z,5.31
2025-06-14T23:31:03Z,5.33
2025-06-14T23:31:04Z,5.33
2025-06-14T23:31:05Z,5.27
2025-06-14T23:31:06Z,5.44
2025-06-14T23:31:07Z,5.51
2025-06-14T23:31:08Z,5.55
2025-06-14T23:31:09Z,5.53
2025-06-14T23:31:10Z,5.53
2025-06-14T23:31:11Z,5.52
2025-06-14T23:31:12Z,5.57
2025-06-14T23:31:13Z,5.56
2025-06-14T23:31:14Z,5.43
2025-06-14T23:31:15Z,5.41
2025-06-14T23:31:16Z,5.33
2025-06-14T23:31:17Z,5.31
2025-06-14T23:31:18Z,5.31
2025-06-14T23:31:19Z,5.32
2025-06-14T23:31:20Z,6.00
2025-06-14T23:31:21Z,7.30
2025-06-14T23:31:22Z,8.37
2025-06-14T23:31:23Z,9.43
2025-06-14T23:31:24Z,10.22
2025-06-14T23:31:25Z,10.60
2025-06-14T23:31:26Z,10.61
2025-06-14T23:31:27Z,10.57
2025-06-14T23:31:28Z,10.54
2025-06-14T23:31:29Z,10.61
2025-06-14T23:31:30Z,10.54
2025-06-14T23:31:31Z,10.55
2025-06-14T23:31:32Z,10.54
2025-06-14T23:31:33Z,10.65
2025-06-14T23:31:34Z,10.60
2025-06-14T23:31:35Z,10.58
2025-06-14T23:31:36Z,10.58
2025-06-14T23:31:37Z,10.54
2025-06-14T23:31:38Z,10.46
2025-06-14T23:31:39Z,10.40
2025-06-14T23:31:40Z,10.43
2025-06-14T23:31:41Z,10.46
2025-06-14T23:31:42Z,10.49
2025-06-14T23:31:43Z,10.59
2025-06-14T23:31:44Z,10.76
2025-06-14T23:31:45Z,10.84
2025-06-14T23:31:46Z,10.87
2025-06-14T23:31:47Z,10.88
2025-06-14T23:31:48Z,10.86
2025-06-14T23:31:49Z,10.77
2025-06-14T23:31:50Z,10.69
2025-06-14T23:31:51Z,10.62
2025-06-14T23:31:52Z,10.52
2025-06-14T23:31:53Z,10.45
2025-06-14T23:31:54Z,10.50
2025-06-14T23:31:55Z,10.51
2025-06-14T23:31:56Z,10.48
2025-06-14T23:31:57Z,10.48
2025-06-14T23:31:58Z,10.43
2025-06-14T23:31:59Z,10.41
2025-06-14T23:32:00Z,10.40
2025-06-14T23:32:01Z,10.38
2025-06-14T23:32:02Z,10.38
2025-06-14T23:32:03Z,10.37
2025-06-14T23:32:04Z,10.41
2025-06-14T23:32:05Z,10.39
2025-06-14T23:32:06Z,10.44
2025-06-14T23:32:07Z,10.40
2025-06-14T23:32:08Z,10.39
2025-06-14T23:32:09Z,10.39
2025-06-14T23:32:10Z,10.34
2025-06-14T23:32:11Z,10.37
2025-06-14T23:32:12Z,10.29
2025-06-14T23:32:13Z,10.26
2025-06-14T23:32:14Z,10.21
2025-06-14T23:32:15Z,10.18
2025-06-14T23:32:16Z,10.19
2025-06-14T23:32:17Z,10.15
2025-06-14T23:32:18Z,10.16
2025-06-14T23:32:19Z,10.16
2025-06-14T23:32:20Z,10.16
2025-06-14T23:32:21Z,10.13
2025-06-14T23:32:22Z,10.13
2025-06-14T23:32:23Z,10.16
2025-06-14T23:32:24Z,10.18
2025-06-14T23:32:25Z,10.19
2025-06-14T23:32:26Z,10.24
2025-06-14T23:32:27Z,10.31
2025-06-14T23:32:28Z,10.32
2025-06-14T23:32:29Z,10.25
2025-06-14T23:32:30Z,10.20
2025-06-14T23:32:31Z,10.18
2025-06-14T23:32:32Z,10.17
2025-06-14T23:32:33Z,10.26
2025-06-14T23:32:34Z,10.31
2025-06-14T23:32:35Z,10.32
2025-06-14T23:32:36Z,10.47
2025-06-14T23:32:37Z,10.62
2025-06-14T23:32:38Z,10.53
2025-06-14T23:32:39Z,10.32
2025-06-14T23:32:40Z,10.39
2025-06-14T23:32:41Z,10.35
2025-06-14T23:32:42Z,10.21
2025-06-14T23:32:43Z,10.22
2025-06-14T23:32:44Z,10.35
2025-06-14T23:32:45Z,10.38
2025-06-14T23:32:46Z,10.40
2025-06-14T23:32:47Z,10.48
2025-06-14T23:32:48Z,10.54
2025-06-14T23:32:49Z,10.58
2025-06-14T23:32:50Z,10.55
2025-06-14T23:32:51Z,10.53
2025-06-14T23:32:52Z,10.57
2025-06-14T23:32:53Z,10.57
2025-06-14T23:32:56Z,0.01
2025-06-14T23:32:57Z,0.01
2025-06-14T23:32:58Z,0.01
2025-06-14T23:32:59Z,0.01
2025-06-14T23:33:00Z,0.01
2025-06-14T23:33:01Z,0.01
2025-06-14T23:33:02Z,0.01
2025-06-14T23:33:03Z,5.49
2025-06-14T23:33:04Z,5.45
2025-06-14T23:33:05Z,5.25
2025-06-14T23:33:06Z,5.28
2025-06-14T23:33:07Z,5.22
2025-06-14T23:33:08Z,5.41
2025-06-14T23:33:09Z,5.31
2025-06-14T23:33:10Z,5.35
2025-06-14T23:33:11Z,5.26
2025-06-14T23:33:12Z,5.26
2025-06-14T23:33:13Z,5.26
2025-06-14T23:33:14Z,5.25
2025-06-14T23:33:15Z,5.20
2025-06-14T23:33:16Z,5.19
2025-06-14T23:33:17Z,5.24
2025-06-14T23:33:18Z,5.21
2025-06-14T23:33:20Z,5.23
2025-06-14T23:33:21Z,5.09
2025-06-14T23:33:23Z,5.22
2025-06-14T23:33:24Z,5.06
2025-06-14T23:33:25Z,5.01
2025-06-14T23:33:26Z,5.67
2025-06-14T23:33:27Z,5.67
2025-06-14T23:33:28Z,5.62
2025-06-14T23:33:29Z,5.56
2025-06-14T23:33:30Z,5.76
2025-06-14T23:33:31Z,5.72
2025-06-14T23:33:32Z,5.52
2025-06-14T23:33:33Z,5.49
2025-06-14T23:33:34Z,5.34
2025-06-14T23:33:35Z,5.21
2025-06-14T23:33:36Z,5.45
2025-06-14T23:33:37Z,5.18
2025-06-14T23:33:38Z,5.18
2025-06-14T23:33:39Z,5.20
2025-06-14T23:33:40Z,5.27
2025-06-14T23:33:41Z,5.46
2025-06-14T23:33:42Z,5.52
2025-06-14T23:33:43Z,5.76
2025-06-14T23:33:44Z,5.98
2025-06-14T23:33:45Z,7.24
2025-06-14T23:33:46Z,8.89
2025-06-14T23:33:47Z,9.80
2025-06-14T23:33:48Z,10.64
2025-06-14T23:33:49Z,10.86
2025-06-14T23:33:50Z,10.83
2025-06-14T23:33:51Z,10.85
2025-06-14T23:33:52Z,10.74
2025-06-14T23:33:53Z,10.71
2025-06-14T23:33:54Z,10.66
2025-06-14T23:33:55Z,10.75
2025-06-14T23:33:56Z,10.73
2025-06-14T23:33:57Z,10.67
2025-06-14T23:33:58Z,10.67
2025-06-14T23:33:59Z,10.63
2025-06-14T23:34:00Z,10.66
2025-06-14T23:34:01Z,10.56
2025-06-14T23:34:02Z,10.62
2025-06-14T23:34:03Z,10.73
2025-06-14T23:34:04Z,10.78
2025-06-14T23:34:05Z,10.82
2025-06-14T23:34:06Z,10.89
2025-06-14T23:34:07Z,10.97
2025-06-14T23:34:08Z,10.97
2025-06-14T23:34:09Z,10.97
2025-06-14T23:34:10Z,11.04
2025-06-14T23:34:11Z,11.04
2025-06-14T23:34:12Z,11.05
2025-06-14T23:34:13Z,11.04
2025-06-14T23:34:14Z,11.04
2025-06-14T23:34:15Z,11.05
2025-06-14T23:34:16Z,11.01
2025-06-14T23:34:17Z,11.02
2025-06-14T23:34:18Z,11.03
2025-06-14T23:34:19Z,11.07
2025-06-14T23:34:20Z,11.13
2025-06-14T23:34:21Z,11.15
2025-06-14T23:34:22Z,11.18
2025-06-14T23:34:23Z,11.17
2025-06-14T23:34:24Z,11.22
2025-06-14T23:34:25Z,11.22
2025-06-14T23:34:26Z,11.21
2025-06-14T23:34:27Z,11.24
2025-06-14T23:34:28Z,11.21
2025-06-14T23:34:29Z,11.25
2025-06-14T23:34:30Z,11.21
2025-06-14T23:34:31Z,11.20
2025-06-14T23:34:32Z,11.20
2025-06-14T23:34:33Z,11.22
2025-06-14T23:34:34Z,11.25
2025-06-14T23:34:35Z,11.30
2025-06-14T23:34:36Z,11.38
2025-06-14T23:34:37Z,11.40
2025-06-14T23:34:38Z,11.45
2025-06-14T23:34:39Z,11.54
2025-06-14T23:34:40Z,11.52
2025-06-14T23:34:41Z,11.50
2025-06-14T23:34:42Z,11.48
2025-06-14T23:34:43Z,11.51
2025-06-14T23:34:44Z,11.50
2025-06-14T23:34:45Z,11.42
2025-06-14T23:34:46Z,11.48
2025-06-14T23:34:47Z,11.47
2025-06-14T23:34:48Z,11.46
2025-06-14T23:34:49Z,11.44
2025-06-14T23:34:50Z,11.38
2025-06-14T23:34:51Z,11.34
2025-06-14T23:34:52Z,11.15
2025-06-14T23:34:53Z,11.15
2025-06-14T23:34:54Z,9.67
2025-06-14T23:34:55Z,8.61
2025-06-14T23:34:56Z,8.24
2025-06-14T23:34:58Z,6.84
2025-06-14T23:34:59Z,5.07
2025-06-14T23:35:00Z,5.58
2025-06-14T23:35:01Z,5.56
2025-06-14T23:35:02Z,5.65
2025-06-14T23:35:03Z,5.51
2025-06-14T23:35:05Z,5.18
2025-06-14T23:35:06Z,5.16
2025-06-14T23:35:07Z,5.50
2025-06-14T23:35:08Z,5.64
2025-06-14T23:35:09Z,5.23
2025-06-14T23:35:11Z,5.27
2025-06-14T23:35:12Z,5.51
2025-06-14T23:35:13Z,5.41
2025-06-14T23:35:14Z,5.23
2025-06-14T23:35:15Z,5.53
2025-06-14T23:35:16Z,5.52
2025-06-14T23:35:17Z,5.37
2025-06-14T23:35:18Z,5.50
2025-06-14T23:35:19Z,5.35
2025-06-14T23:35:20Z,5.54
2025-06-14T23:35:21Z,5.62
2025-06-14T23:35:23Z,5.64
2025-06-14T23:35:24Z,5.68
2025-06-14T23:35:26Z,5.50
2025-06-14T23:35:27Z,5.32
2025-06-14T23:35:28Z,5.30
2025-06-14T23:35:29Z,5.50
2025-06-14T23:35:30Z,5.68
2025-06-14T23:35:31Z,5.66
2025-06-14T23:35:32Z,5.64
2025-06-14T23:35:33Z,5.55
2025-06-14T23:35:34Z,5.38
2025-06-14T23:35:35Z,5.55
2025-06-14T23:35:36Z,5.61
2025-06-14T23:35:37Z,5.31
2025-06-14T23:35:38Z,5.40
2025-06-14T23:35:39Z,5.59
2025-06-14T23:35:40Z,5.66
2025-06-14T23:35:41Z,5.62
2025-06-14T23:35:42Z,6.02
2025-06-14T23:35:43Z,7.00
2025-06-14T23:35:44Z,8.34
2025-06-14T23:35:45Z,9.80
2025-06-14T23:35:46Z,10.49
2025-06-14T23:35:47Z,10.76
2025-06-14T23:35:48Z,10.76
2025-06-14T23:35:49Z,10.80
2025-06-14T23:35:50Z,10.91
2025-06-14T23:35:51Z,10.94
2025-06-14T23:35:52Z,10.97
2025-06-14T23:35:53Z,10.97
2025-06-14T23:35:54Z,11.01
2025-06-14T23:35:55Z,11.01
2025-06-14T23:35:56Z,11.00
2025-06-14T23:35:57Z,11.03
2025-06-14T23:35:58Z,11.06
2025-06-14T23:35:59Z,11.04
2025-06-14T23:36:00Z,11.04
2025-06-14T23:36:01Z,11.12
2025-06-14T23:36:02Z,11.14
2025-06-14T23:36:03Z,11.16
2025-06-14T23:36:04Z,11.19
2025-06-14T23:36:05Z,11.21
2025-06-14T23:36:06Z,11.21
2025-06-14T23:36:07Z,11.20
2025-06-14T23:36:08Z,11.22
2025-06-14T23:36:09Z,11.23
2025-06-14T23:36:10Z,11.23
2025-06-14T23:36:11Z,11.25
2025-06-14T23:36:12Z,11.27
2025-06-14T23:36:13Z,11.31
2025-06-14T23:36:14Z,11.27
2025-06-14T23:36:15Z,11.23
2025-06-14T23:36:16Z,11.18
2025-06-14T23:36:17Z,11.17
2025-06-14T23:36:18Z,11.10
2025-06-14T23:36:19Z,11.01
2025-06-14T23:36:20Z,11.02
2025-06-14T23:36:21Z,11.01
2025-06-14T23:36:22Z,11.11
2025-06-14T23:36:23Z,11.11
2025-06-14T23:36:24Z,11.16
2025-06-14T23:36:25Z,11.16
2025-06-14T23:36:26Z,11.19
2025-06-14T23:36:27Z,11.27
2025-06-14T23:36:28Z,11.29
2025-06-14T23:36:29Z,11.32
2025-06-14T23:36:30Z,11.30
2025-06-14T23:36:31Z,11.31
2025-06-14T23:36:32Z,11.27
2025-06-14T23:36:33Z,11.24
2025-06-14T23:36:34Z,11.25
2025-06-14T23:36:35Z,11.25
2025-06-14T23:36:36Z,11.22
2025-06-14T23:36:37Z,11.22
2025-06-14T23:36:38Z,11.21
2025-06-14T23:36:39Z,11.19
2025-06-14T23:36:40Z,11.13
2025-06-14T23:36:41Z,11.10
2025-06-14T23:36:42Z,11.07
2025-06-14T23:36:43Z,11.07
2025-06-14T23:36:44Z,11.09
2025-06-14T23:36:45Z,11.12
2025-06-14T23:36:46Z,11.16
2025-06-14T23:36:47Z,11.16
2025-06-14T23:36:48Z,11.22
2025-06-14T23:36:49Z,11.20
2025-06-14T23:36:50Z,11.20
2025-06-14T23:36:51Z,11.14
2025-06-14T23:36:52Z,11.08
2025-06-14T23:36:53Z,10.97
2025-06-14T23:36:54Z,10.84
2025-06-14T23:36:55Z,10.77
2025-06-14T23:36:56Z,10.72
2025-06-14T23:36:57Z,10.63
2025-06-14T23:36:58Z,10.56
2025-06-14T23:36:59Z,10.52
2025-06-14T23:37:00Z,10.53
2025-06-14T23:37:01Z,10.56
2025-06-14T23:37:02Z,10.54
2025-06-14T23:37:03Z,10.63
2025-06-14T23:37:04Z,10.69
2025-06-14T23:37:05Z,10.71
2025-06-14T23:37:06Z,10.65
2025-06-14T23:37:07Z,10.63
2025-06-14T23:37:08Z,10.61
2025-06-14T23:37:09Z,10.55
2025-06-14T23:37:10Z,10.49
2025-06-14T23:37:11Z,10.48
2025-06-14T23:37:12Z,10.48
2025-06-14T23:37:13Z,10.52
2025-06-14T23:37:14Z,10.50
2025-06-14T23:37:15Z,10.50
2025-06-14T23:37:16Z,10.43
2025-06-14T23:37:17Z,10.40
2025-06-14T23:37:18Z,10.45
2025-06-14T23:37:19Z,10.44
2025-06-14T23:37:20Z,10.45
2025-06-14T23:37:21Z,10.45
2025-06-14T23:37:22Z,10.52
2025-06-14T23:37:23Z,10.65
2025-06-14T23:37:24Z,10.62
2025-06-14T23:37:25Z,10.55
2025-06-14T23:37:26Z,10.52
2025-06-14T23:37:27Z,10.46
2025-06-14T23:37:28Z,10.32
2025-06-14T23:37:29Z,10.20
2025-06-14T23:37:30Z,10.12
2025-06-14T23:37:31Z,10.10
2025-06-14T23:37:32Z,10.05
2025-06-14T23:37:33Z,10.08
2025-06-14T23:37:34Z,10.09
2025-06-14T23:37:35Z,10.14
2025-06-14T23:37:36Z,10.12
2025-06-14T23:37:37Z,10.14
2025-06-14T23:37:38Z,10.12
2025-06-14T23:37:39Z,10.04
2025-06-14T23:37:40Z,10.02
2025-06-14T23:37:41Z,9.90
2025-06-14T23:37:42Z,9.88
2025-06-14T23:37:43Z,9.90
2025-06-14T23:37:44Z,9.89
2025-06-14T23:37:45Z,9.96
2025-06-14T23:37:46Z,10.02
2025-06-14T23:37:47Z,10.09
2025-06-14T23:37:48Z,10.12
2025-06-14T23:37:49Z,10.12
2025-06-14T23:37:50Z,10.14
2025-06-14T23:37:51Z,10.14
2025-06-14T23:37:52Z,10.12
2025-06-14T23:37:53Z,10.13
2025-06-14T23:37:54Z,10.09
2025-06-14T23:37:55Z,10.05
2025-06-14T23:37:56Z,10.03
2025-06-14T23:37:57Z,9.95
2025-06-14T23:37:58Z,10.10
2025-06-14T23:37:59Z,10.11
2025-06-14T23:38:00Z,10.14
2025-06-14T23:38:01Z,10.14
2025-06-14T23:38:02Z,10.25
2025-06-14T23:38:03Z,10.32
2025-06-14T23:38:04Z,10.27
2025-06-14T23:38:05Z,10.26
2025-06-14T23:38:06Z,10.24
2025-06-14T23:38:07Z,10.23
2025-06-14T23:38:08Z,10.18
2025-06-14T23:38:09Z,10.10
2025-06-14T23:38:10Z,10.02
2025-06-14T23:38:11Z,10.02
2025-06-14T23:38:12Z,10.06
2025-06-14T23:38:13Z,10.10
2025-06-14T23:38:14Z,10.09
2025-06-14T23:38:15Z,10.12
2025-06-14T23:38:16Z,10.09
2025-06-14T23:38:17Z,10.08
2025-06-14T23:38:18Z,10.04
2025-06-14T23:38:19Z,10.06
2025-06-14T23:38:20Z,10.05
2025-06-14T23:38:21Z,10.02
2025-06-14T23:38:22Z,10.08
2025-06-14T23:38:23Z,10.04
2025-06-14T23:38:24Z,10.08
2025-06-14T23:38:25Z,10.03
2025-06-14T23:38:26Z,10.10
2025-06-14T23:38:27Z,10.06
2025-06-14T23:38:28Z,10.05
2025-06-14T23:38:29Z,10.09
2025-06-14T23:38:30Z,10.04
2025-06-14T23:38:31Z,10.03
2025-06-14T23:38:32Z,10.02
2025-06-14T23:38:33Z,10.02
2025-06-14T23:38:34Z,10.02
2025-06-14T23:38:35Z,10.05
2025-06-14T23:38:36Z,10.09
2025-06-14T23:38:37Z,10.11
2025-06-14T23:38:38Z,10.16
2025-06-14T23:38:39Z,10.16
2025-06-14T23:38:40Z,10.12
2025-06-14T23:38:41Z,10.16
2025-06-14T23:38:42Z,10.16
2025-06-14T23:38:43Z,10.17
2025-06-14T23:38:44Z,10.26
2025-06-14T23:38:45Z,10.33
2025-06-14T23:38:46Z,10.43
2025-06-14T23:38:47Z,10.45
2025-06-14T23:38:48Z,10.53
2025-06-14T23:38:49Z,10.77
2025-06-14T23:38:50Z,10.86
2025-06-14T23:38:51Z,10.85
2025-06-14T23:38:52Z,10.94
2025-06-14T23:38:53Z,10.99
2025-06-14T23:38:54Z,10.88
2025-06-14T23:38:55Z,10.65
2025-06-14T23:38:56Z,10.54
2025-06-14T23:38:57Z,10.65
2025-06-14T23:38:58Z,10.64
2025-06-14T23:38:59Z,10.66
2025-06-14T23:39:00Z,10.80
2025-06-14T23:39:01Z,10.96
2025-06-14T23:39:02Z,10.92
2025-06-14T23:39:03Z,10.83
2025-06-14T23:39:04Z,10.76
2025-06-14T23:39:05Z,10.71
2025-06-14T23:39:06Z,10.58
2025-06-14T23:39:07Z,10.55
2025-06-14T23:39:08Z,10.55
2025-06-14T23:39:09Z,10.57
2025-06-14T23:39:10Z,10.53
2025-06-14T23:39:11Z,10.49
2025-06-14T23:39:12Z,10.47
2025-06-14T23:39:13Z,10.47
2025-06-14T23:39:14Z,10.49
2025-06-14T23:39:15Z,10.56
2025-06-14T23:39:16Z,10.72
2025-06-14T23:39:17Z,10.83
2025-06-14T23:39:18Z,10.87
2025-06-14T23:39:19Z,10.91
2025-06-14T23:39:20Z,10.89
2025-06-14T23:39:21Z,10.84
2025-06-14T23:39:22Z,10.83
2025-06-14T23:39:23Z,10.78
2025-06-14T23:39:24Z,10.67
2025-06-14T23:39:25Z,10.66
2025-06-14T23:39:26Z,10.61
2025-06-14T23:39:27Z,10.63
2025-06-14T23:39:28Z,10.68
2025-06-14T23:39:29Z,10.79
2025-06-14T23:39:30Z,10.88
2025-06-14T23:39:31Z,10.85
2025-06-14T23:39:32Z,10.88
2025-06-14T23:39:33Z,10.83
2025-06-14T23:39:34Z,10.79
2025-06-14T23:39:35Z,10.79
2025-06-14T23:39:36Z,10.79
2025-06-14T23:39:37Z,10.79
2025-06-14T23:39:38Z,10.75
2025-06-14T23:39:39Z,10.78
2025-06-14T23:39:40Z,10.76
2025-06-14T23:39:41Z,10.76
2025-06-14T23:39:42Z,10.71
2025-06-14T23:39:43Z,10.76
2025-06-14T23:39:44Z,10.76
2025-06-14T23:39:45Z,10.67
2025-06-14T23:39:46Z,10.63
2025-06-14T23:39:47Z,10.55
2025-06-14T23:39:48Z,10.57
2025-06-14T23:39:49Z,10.52
2025-06-14T23:39:50Z,10.52
2025-06-14T23:39:51Z,10.54
2025-06-14T23:39:52Z,10.54
2025-06-14T23:39:53Z,10.55
2025-06-14T23:39:54Z,10.49
2025-06-14T23:39:55Z,10.50
2025-06-14T23:39:56Z,10.49
2025-06-14T23:39:57Z,10.51
2025-06-14T23:39:58Z,10.48
2025-06-14T23:39:59Z,10.47
2025-06-14T23:40:00Z,10.38
2025-06-14T23:40:02Z,10.18
2025-06-14T23:40:03Z,9.11
2025-06-14T23:40:04Z,7.71
2025-06-14T23:40:05Z,6.43
2025-06-14T23:40:06Z,5.93
2025-06-14T23:40:07Z,5.96
2025-06-14T23:40:08Z,5.73
2025-06-14T23:40:09Z,5.39
2025-06-14T23:40:10Z,5.36
2025-06-14T23:40:11Z,5.57
2025-06-14T23:40:12Z,5.47
2025-06-14T23:40:13Z,5.52
2025-06-14T23:40:14Z,5.61
2025-06-14T23:40:15Z,5.67
2025-06-14T23:40:16Z,5.63
2025-06-14T23:40:17Z,5.67
2025-06-14T23:40:18Z,5.67
2025-06-14T23:40:19Z,5.65
2025-06-14T23:40:20Z,5.67
2025-06-14T23:40:21Z,5.67
2025-06-14T23:40:22Z,5.47
2025-06-14T23:40:23Z,5.43
2025-06-14T23:40:24Z,5.47
2025-06-14T23:40:25Z,5.47
2025-06-14T23:40:26Z,5.49
2025-06-14T23:40:27Z,5.37
2025-06-14T23:40:28Z,5.42
2025-06-14T23:40:29Z,5.47
2025-06-14T23:40:30Z,5.37
2025-06-14T23:40:31Z,5.27
2025-06-14T23:40:32Z,5.41
2025-06-14T23:40:33Z,5.27
2025-06-14T23:40:34Z,5.31
2025-06-14T23:40:35Z,5.34
2025-06-14T23:40:36Z,5.32
2025-06-14T23:40:37Z,5.32
2025-06-14T23:40:38Z,5.48
2025-06-14T23:40:39Z,5.57
2025-06-14T23:40:40Z,5.55
2025-06-14T23:40:41Z,5.50
2025-06-14T23:40:42Z,5.45
2025-06-14T23:40:43Z,5.33
2025-06-14T23:40:44Z,5.28
2025-06-14T23:40:45Z,5.32
2025-06-14T23:40:46Z,5.33
2025-06-14T23:40:47Z,5.32
2025-06-14T23:40:48Z,5.20
2025-06-14T23:40:49Z,5.25
2025-06-14T23:40:50Z,5.26
2025-06-14T23:40:51Z,5.27
2025-06-14T23:40:52Z,5.34
2025-06-14T23:40:53Z,5.07
2025-06-14T23:40:54Z,5.30
2025-06-14T23:40:55Z,5.30
2025-06-14T23:40:56Z,5.24
2025-06-14T23:40:58Z,5.14
2025-06-14T23:41:00Z,5.36
2025-06-14T23:41:01Z,5.34
2025-06-14T23:41:02Z,5.35
2025-06-14T23:41:03Z,5.37
2025-06-14T23:41:04Z,5.38
2025-06-14T23:41:05Z,5.45
2025-06-14T23:41:06Z,5.17
2025-06-14T23:41:07Z,5.14
2025-06-14T23:41:08Z,5.41
2025-06-14T23:41:09Z,5.43
2025-06-14T23:41:10Z,5.53
2025-06-14T23:41:11Z,5.54
2025-06-14T23:41:12Z,5.46
2025-06-14T23:41:13Z,5.48
2025-06-14T23:41:14Z,5.45
2025-06-14T23:41:15Z,5.49
2025-06-14T23:41:16Z,5.42
2025-06-14T23:41:17Z,5.38
2025-06-14T23:41:18Z,5.35
2025-06-14T23:41:19Z,5.42
2025-06-14T23:41:20Z,5.40
2025-06-14T23:41:21Z,5.26
2025-06-14T23:41:22Z,5.18
2025-06-14T23:41:23Z,5.42
2025-06-14T23:41:24Z,5.27
2025-06-14T23:41:25Z,5.14
2025-06-14T23:41:26Z,5.40
2025-06-14T23:41:27Z,5.41
2025-06-14T23:41:28Z,5.41
2025-06-14T23:41:29Z,5.45
2025-06-14T23:41:30Z,5.36
2025-06-14T23:41:31Z,5.39
2025-06-14T23:41:32Z,5.39
2025-06-14T23:41:33Z,5.40
2025-06-14T23:41:34Z,5.38
2025-06-14T23:41:35Z,5.38
2025-06-14T23:41:36Z,5.42
2025-06-14T23:41:37Z,5.35
2025-06-14T23:41:38Z,5.41
2025-06-14T23:41:39Z,5.44
2025-06-14T23:41:40Z,5.48
2025-06-14T23:41:41Z,5.48
2025-06-14T23:41:42Z,5.52
2025-06-14T23:41:43Z,5.52
2025-06-14T23:41:44Z,5.56
2025-06-14T23:41:45Z,5.66
2025-06-14T23:41:46Z,6.20
2025-06-14T23:41:47Z,6.81
2025-06-14T23:41:48Z,8.44
2025-06-14T23:41:49Z,9.15
2025-06-14T23:41:50Z,9.60
2025-06-14T23:41:51Z,9.90
2025-06-14T23:41:52Z,10.00
2025-06-14T23:41:53Z,10.13
2025-06-14T23:41:54Z,10.20
2025-06-14T23:41:55Z,10.25
2025-06-14T23:41:56Z,10.30
2025-06-14T23:41:57Z,10.29
2025-06-14T23:41:58Z,10.29
2025-06-14T23:41:59Z,10.28
2025-06-14T23:42:00Z,10.24
2025-06-14T23:42:01Z,10.25
2025-06-14T23:42:02Z,10.30
2025-06-14T23:42:03Z,10.35
2025-06-14T23:42:04Z,10.41
2025-06-14T23:42:05Z,10.44
2025-06-14T23:42:06Z,10.48
2025-06-14T23:42:07Z,10.46
2025-06-14T23:42:08Z,10.43
2025-06-14T23:42:09Z,10.47
2025-06-14T23:42:10Z,10.44
2025-06-14T23:42:11Z,10.45
2025-06-14T23:42:12Z,10.44
2025-06-14T23:42:13Z,10.44
2025-06-14T23:42:14Z,10.47
2025-06-14T23:42:15Z,10.47
2025-06-14T23:42:16Z,10.44
2025-06-14T23:42:17Z,10.44
2025-06-14T23:42:18Z,10.45
2025-06-14T23:42:19Z,10.50
2025-06-14T23:42:20Z,10.50
2025-06-14T23:42:21Z,10.52
2025-06-14T23:42:22Z,10.58
2025-06-14T23:42:23Z,10.59
2025-06-14T23:42:24Z,10.56
2025-06-14T23:42:27Z,-0.00
2025-06-14T23:42:28Z,-0.00
2025-06-14T23:42:29Z,-0.00
2025-06-14T23:42:30Z,-0.00
2025-06-14T23:42:31Z,-0.00
2025-06-14T23:42:33Z,-0.00
2025-06-14T23:42:34Z,-0.00
2025-06-14T23:42:35Z,2.10
2025-06-14T23:42:36Z,4.23
2025-06-14T23:42:37Z,4.49
2025-06-14T23:42:38Z,4.92
2025-06-14T23:42:39Z,4.91
2025-06-14T23:42:40Z,4.99
2025-06-14T23:42:42Z,5.22
2025-06-14T23:42:44Z,5.52
2025-06-14T23:42:45Z,5.61
2025-06-14T23:42:46Z,5.61
2025-06-14T23:42:47Z,5.63
2025-06-14T23:42:48Z,5.52
2025-06-14T23:42:49Z,5.74
2025-06-14T23:42:50Z,5.58
2025-06-14T23:42:51Z,5.63
2025-06-14T23:42:52Z,5.59
2025-06-14T23:42:53Z,5.57
2025-06-14T23:42:54Z,5.58
2025-06-14T23:42:55Z,5.57
2025-06-14T23:42:56Z,5.61
2025-06-14T23:42:57Z,5.54
2025-06-14T23:42:58Z,5.52
2025-06-14T23:42:59Z,5.54
2025-06-14T23:43:00Z,5.52
2025-06-14T23:43:01Z,5.58
2025-06-14T23:43:02Z,5.60
2025-06-14T23:43:03Z,5.61
2025-06-14T23:43:04Z,5.63
2025-06-14T23:43:05Z,5.45
2025-06-14T23:43:06Z,5.59
2025-06-14T23:43:07Z,5.60
2025-06-14T23:43:08Z,5.58
2025-06-14T23:43:09Z,5.58
2025-06-14T23:43:10Z,5.58
2025-06-14T23:43:11Z,5.67
2025-06-14T23:43:12Z,5.52
2025-06-14T23:43:13Z,5.47
2025-06-14T23:43:14Z,5.70
2025-06-14T23:43:15Z,5.53
2025-06-14T23:43:16Z,5.53
2025-06-14T23:43:17Z,5.51
2025-06-14T23:43:18Z,5.47
2025-06-14T23:43:19Z,5.48
2025-06-14T23:43:20Z,5.61
2025-06-14T23:43:22Z,5.48
2025-06-14T23:43:23Z,5.52
2025-06-14T23:43:24Z,5.48
2025-06-14T23:43:25Z,5.46
2025-06-14T23:43:27Z,5.36
2025-06-14T23:43:28Z,5.45
2025-06-14T23:43:29Z,5.54
2025-06-14T23:43:30Z,5.63
2025-06-14T23:43:31Z,5.49
2025-06-14T23:43:32Z,5.61
2025-06-14T23:43:33Z,5.55
2025-06-14T23:43:34Z,5.60
2025-06-14T23:43:35Z,5.59
2025-06-14T23:43:36Z,5.57
2025-06-14T23:43:37Z,5.56
2025-06-14T23:43:38Z,5.62
2025-06-14T23:43:39Z,5.69
2025-06-14T23:43:40Z,5.44
2025-06-14T23:43:41Z,5.57
2025-06-14T23:43:42Z,5.55
2025-06-14T23:43:43Z,5.55
2025-06-14T23:43:44Z,5.61
2025-06-14T23:43:45Z,5.42
2025-06-14T23:43:46Z,5.41
2025-06-14T23:43:48Z,5.49
2025-06-14T23:43:49Z,5.49
2025-06-14T23:43:50Z,5.55
2025-06-14T23:43:51Z,5.57
2025-06-14T23:43:52Z,5.28
2025-06-14T23:43:54Z,5.50
2025-06-14T23:43:55Z,5.34
2025-06-14T23:43:56Z,5.67
2025-06-14T23:43:57Z,5.51
2025-06-14T23:43:58Z,5.55
2025-06-14T23:43:59Z,5.52
2025-06-14T23:44:00Z,5.53
2025-06-14T23:44:01Z,5.58
2025-06-14T23:44:02Z,5.59
2025-06-14T23:44:03Z,5.57
2025-06-14T23:44:04Z,5.59
2025-06-14T23:44:05Z,5.59
2025-06-14T23:44:06Z,5.44
2025-06-14T23:44:07Z,5.69
2025-06-14T23:44:08Z,5.32
2025-06-14T23:44:09Z,5.27
2025-06-14T23:44:10Z,5.39
2025-06-14T23:44:11Z,5.75
2025-06-14T23:44:12Z,7.33
2025-06-14T23:44:13Z,8.23
2025-06-14T23:44:14Z,9.24
2025-06-14T23:44:15Z,10.02
2025-06-14T23:44:16Z,10.34
2025-06-14T23:44:17Z,10.38
2025-06-14T23:44:18Z,10.41
2025-06-14T23:44:19Z,10.47
2025-06-14T23:44:20Z,10.54
2025-06-14T23:44:21Z,10.57
2025-06-14T23:44:22Z,10.59
2025-06-14T23:44:23Z,10.61
2025-06-14T23:44:24Z,10.63
2025-06-14T23:44:25Z,10.56
2025-06-14T23:44:26Z,10.54
2025-06-14T23:44:27Z,10.53
2025-06-14T23:44:28Z,10.53
2025-06-14T23:44:29Z,10.52
2025-06-14T23:44:30Z,10.53
2025-06-14T23:44:31Z,10.56
2025-06-14T23:44:32Z,10.62
2025-06-14T23:44:33Z,10.66
2025-06-14T23:44:34Z,10.68
2025-06-14T23:44:35Z,10.72
2025-06-14T23:44:36Z,10.70
2025-06-14T23:44:37Z,10.68
2025-06-14T23:44:38Z,10.68
2025-06-14T23:44:39Z,10.66
2025-06-14T23:44:40Z,10.66
2025-06-14T23:44:41Z,10.68
2025-06-14T23:44:42Z,10.68
2025-06-14T23:44:43Z,10.69
2025-06-14T23:44:44Z,10.72
2025-06-14T23:44:45Z,10.70
2025-06-14T23:44:46Z,10.70
2025-06-14T23:44:47Z,10.70
2025-06-14T23:44:48Z,10.71
2025-06-14T23:44:49Z,10.70
2025-06-14T23:44:50Z,10.65
2025-06-14T23:44:51Z,10.66
2025-06-14T23:44:52Z,10.60
2025-06-14T23:44:53Z,10.62
2025-06-14T23:44:56Z,-0.01
2025-06-14T23:44:58Z,-0.01
2025-06-14T23:44:59Z,-0.01
2025-06-14T23:45:00Z,-0.01
2025-06-14T23:45:01Z,-0.01
2025-06-14T23:45:02Z,5.13
2025-06-14T23:45:03Z,5.08
2025-06-14T23:45:04Z,5.14
2025-06-14T23:45:05Z,5.27
2025-06-14T23:45:06Z,5.34
2025-06-14T23:45:07Z,5.46
2025-06-14T23:45:08Z,5.34
2025-06-14T23:45:09Z,5.38
2025-06-14T23:45:10Z,5.41
2025-06-14T23:45:11Z,5.48
2025-06-14T23:45:12Z,5.36
2025-06-14T23:45:13Z,5.40
2025-06-14T23:45:14Z,5.28
2025-06-14T23:45:15Z,5.32
2025-06-14T23:45:16Z,5.32
2025-06-14T23:45:17Z,5.34
2025-06-14T23:45:18Z,5.32
2025-06-14T23:45:19Z,5.32
2025-06-14T23:45:20Z,5.34
2025-06-14T23:45:21Z,5.31
2025-06-14T23:45:22Z,5.31
2025-06-14T23:45:23Z,5.33
2025-06-14T23:45:24Z,5.32
2025-06-14T23:45:25Z,5.34
2025-06-14T23:45:26Z,5.32
2025-06-14T23:45:27Z,5.27
2025-06-14T23:45:28Z,5.38
2025-06-14T23:45:29Z,5.39
2025-06-14T23:45:30Z,5.39
2025-06-14T23:45:31Z,5.40
2025-06-14T23:45:32Z,5.39
2025-06-14T23:45:33Z,5.40
2025-06-14T23:45:34Z,5.41
2025-06-14T23:45:35Z,5.38
2025-06-14T23:45:36Z,5.37
2025-06-14T23:45:37Z,5.43
2025-06-14T23:45:38Z,5.45
2025-06-14T23:45:39Z,5.45
2025-06-14T23:45:40Z,5.45
2025-06-14T23:45:41Z,5.44
2025-06-14T23:45:42Z,5.44
2025-06-14T23:45:43Z,5.46
2025-06-14T23:45:44Z,5.35
2025-06-14T23:45:45Z,5.36
2025-06-14T23:45:46Z,5.34
2025-06-14T23:45:47Z,5.32
2025-06-14T23:45:48Z,5.32
2025-06-14T23:45:49Z,5.35
2025-06-14T23:45:50Z,5.32
2025-06-14T23:45:51Z,5.29
2025-06-14T23:45:52Z,5.25
2025-06-14T23:45:53Z,5.35
2025-06-14T23:45:54Z,5.32
2025-06-14T23:45:55Z,5.29
2025-06-14T23:45:56Z,5.27
2025-06-14T23:45:57Z,5.43
2025-06-14T23:45:58Z,5.40
2025-06-14T23:45:59Z,5.37
2025-06-14T23:46:00Z,5.36
2025-06-14T23:46:01Z,5.39
2025-06-14T23:46:02Z,5.49
2025-06-14T23:46:03Z,5.46
2025-06-14T23:46:04Z,5.36
2025-06-14T23:46:05Z,5.29
2025-06-14T23:46:06Z,5.40
2025-06-14T23:46:07Z,5.12
2025-06-14T23:46:08Z,5.32
2025-06-14T23:46:09Z,5.25
2025-06-14T23:46:10Z,5.19
2025-06-14T23:46:11Z,5.18
2025-06-14T23:46:12Z,5.25
2025-06-14T23:46:13Z,5.25
2025-06-14T23:46:14Z,5.51
2025-06-14T23:46:15Z,5.64
2025-06-14T23:46:16Z,5.41
2025-06-14T23:46:17Z,5.51
2025-06-14T23:46:18Z,5.51
2025-06-14T23:46:19Z,5.50
2025-06-14T23:46:20Z,5.45
2025-06-14T23:46:21Z,5.43
2025-06-14T23:46:22Z,5.27
2025-06-14T23:46:23Z,5.04
2025-06-14T23:46:24Z,5.33
2025-06-14T23:46:25Z,5.24
2025-06-14T23:46:26Z,5.22
2025-06-14T23:46:27Z,5.25
2025-06-14T23:46:28Z,5.21
2025-06-14T23:46:29Z,5.23
2025-06-14T23:46:30Z,5.34
2025-06-14T23:46:31Z,5.34
2025-06-14T23:46:32Z,5.27
2025-06-14T23:46:33Z,5.19
2025-06-14T23:46:34Z,5.21
2025-06-14T23:46:36Z,5.22
2025-06-14T23:46:37Z,5.21
2025-06-14T23:46:38Z,4.88
2025-06-14T23:46:39Z,4.89
2025-06-14T23:46:40Z,5.05
2025-06-14T23:46:41Z,5.26
2025-06-14T23:46:42Z,5.34
2025-06-14T23:46:43Z,5.39
2025-06-14T23:46:44Z,5.23
2025-06-14T23:46:45Z,5.16
2025-06-14T23:46:46Z,5.22
2025-06-14T23:46:47Z,5.22
2025-06-14T23:46:48Z,5.21
2025-06-14T23:46:49Z,5.25
2025-06-14T23:46:50Z,5.25
2025-06-14T23:46:51Z,5.23
2025-06-14T23:46:52Z,5.26
2025-06-14T23:46:53Z,5.25
2025-06-14T23:46:54Z,5.32
2025-06-14T23:46:55Z,5.43
2025-06-14T23:46:56Z,5.17
2025-06-14T23:46:57Z,5.17
2025-06-14T23:46:58Z,5.14
2025-06-14T23:46:59Z,5.19
2025-06-14T23:47:00Z,5.30
2025-06-14T23:47:01Z,5.21
2025-06-14T23:47:02Z,5.12
2025-06-14T23:47:03Z,5.11
2025-06-14T23:47:04Z,5.20
2025-06-14T23:47:05Z,5.23
2025-06-14T23:47:06Z,5.18
2025-06-14T23:47:07Z,5.13
2025-06-14T23:47:08Z,5.09
2025-06-14T23:47:10Z,5.12
2025-06-14T23:47:11Z,5.23
2025-06-14T23:47:12Z,5.34
2025-06-14T23:47:13Z,6.79
2025-06-14T23:47:14Z,8.46
2025-06-14T23:47:15Z,9.49
2025-06-14T23:47:16Z,10.16
2025-06-14T23:47:17Z,10.44
2025-06-14T23:47:18Z,10.50
2025-06-14T23:47:19Z,10.51
2025-06-14T23:47:20Z,10.49
2025-06-14T23:47:21Z,10.47
2025-06-14T23:47:22Z,10.51
2025-06-14T23:47:23Z,10.51
2025-06-14T23:47:24Z,10.45
2025-06-14T23:47:25Z,10.48
2025-06-14T23:47:26Z,10.48
2025-06-14T23:47:27Z,10.52
2025-06-14T23:47:28Z,10.52
2025-06-14T23:47:29Z,10.49
2025-06-14T23:47:30Z,10.49
2025-06-14T23:47:31Z,10.49
2025-06-14T23:47:32Z,10.51
2025-06-14T23:47:33Z,10.51
2025-06-14T23:47:34Z,10.49
2025-06-14T23:47:35Z,10.58
2025-06-14T23:47:36Z,10.61
2025-06-14T23:47:37Z,10.61
2025-06-14T23:47:38Z,10.61
2025-06-14T23:47:39Z,10.62
2025-06-14T23:47:40Z,10.61
2025-06-14T23:47:41Z,10.57
2025-06-14T23:47:42Z,10.59
2025-06-14T23:47:43Z,10.62
2025-06-14T23:47:44Z,10.60
2025-06-14T23:47:45Z,10.61
2025-06-14T23:47:46Z,10.60
2025-06-14T23:47:47Z,10.62
2025-06-14T23:47:48Z,10.60
2025-06-14T23:47:49Z,10.59
2025-06-14T23:47:50Z,10.62
2025-06-14T23:47:51Z,10.58
2025-06-14T23:47:52Z,10.57
2025-06-14T23:47:53Z,10.58
2025-06-14T23:47:54Z,10.56
2025-06-14T23:47:55Z,10.58
2025-06-14T23:47:56Z,10.57
2025-06-14T23:47:57Z,10.59
2025-06-14T23:47:58Z,10.58
2025-06-14T23:47:59Z,10.59
2025-06-14T23:48:00Z,10.59
2025-06-14T23:48:01Z,10.56
2025-06-14T23:48:02Z,10.58
2025-06-14T23:48:03Z,10.62
2025-06-14T23:48:04Z,10.63
2025-06-14T23:48:05Z,10.64
2025-06-14T23:48:06Z,10.63
2025-06-14T23:48:07Z,10.63
2025-06-14T23:48:08Z,10.63
2025-06-14T23:48:09Z,10.61
2025-06-14T23:48:10Z,10.62
2025-06-14T23:48:11Z,10.60
2025-06-14T23:48:12Z,10.62
2025-06-14T23:48:13Z,10.60
2025-06-14T23:48:14Z,10.60
2025-06-14T23:48:15Z,10.61
2025-06-14T23:48:16Z,10.61
2025-06-14T23:48:17Z,10.61
2025-06-14T23:48:18Z,10.63
2025-06-14T23:48:19Z,10.64
2025-06-14T23:48:20Z,10.67
2025-06-14T23:48:21Z,10.65
2025-06-14T23:48:22Z,10.66
2025-06-14T23:48:23Z,10.66
2025-06-14T23:48:24Z,10.64
2025-06-14T23:48:25Z,10.66
2025-06-14T23:48:26Z,10.62
2025-06-14T23:48:27Z,10.64
2025-06-14T23:48:28Z,10.66
2025-06-14T23:48:29Z,10.64
2025-06-14T23:48:30Z,10.62
2025-06-14T23:48:31Z,10.64
2025-06-14T23:48:32Z,10.66
2025-06-14T23:48:33Z,10.67
2025-06-14T23:48:34Z,10.70
2025-06-14T23:48:35Z,10.71
2025-06-14T23:48:36Z,10.70
2025-06-14T23:48:37Z,10.67
2025-06-14T23:48:38Z,10.70
2025-06-14T23:48:39Z,10.70
2025-06-14T23:48:40Z,10.70
2025-06-14T23:48:41Z,10.74
2025-06-14T23:48:42Z,10.77
2025-06-14T23:48:43Z,10.80
2025-06-14T23:48:44Z,10.77
2025-06-14T23:48:45Z,10.75
2025-06-14T23:48:46Z,10.77
2025-06-14T23:48:47Z,10.75
2025-06-14T23:48:48Z,10.75
2025-06-14T23:48:49Z,10.75
2025-06-14T23:48:50Z,10.78
2025-06-14T23:48:51Z,10.76
2025-06-14T23:48:52Z,10.76
2025-06-14T23:48:53Z,10.82
2025-06-14T23:48:54Z,10.83
2025-06-14T23:48:55Z,10.80
2025-06-14T23:48:56Z,10.82
2025-06-14T23:48:57Z,10.81
2025-06-14T23:48:58Z,10.85
2025-06-14T23:48:59Z,10.83
2025-06-14T23:49:00Z,10.88
2025-06-14T23:49:01Z,10.85
2025-06-14T23:49:02Z,10.84
2025-06-14T23:49:03Z,10.86
2025-06-14T23:49:04Z,10.85
2025-06-14T23:49:05Z,10.91
2025-06-14T23:49:06Z,10.91
2025-06-14T23:49:07Z,10.96
2025-06-14T23:49:08Z,10.98
2025-06-14T23:49:09Z,10.99
2025-06-14T23:49:10Z,10.95
2025-06-14T23:49:11Z,10.96
2025-06-14T23:49:12Z,11.01
2025-06-14T23:49:13Z,10.98
2025-06-14T23:49:14Z,11.01
2025-06-14T23:49:15Z,10.99
2025-06-14T23:49:16Z,11.01
2025-06-14T23:49:17Z,10.97
2025-06-14T23:49:18Z,10.91
2025-06-14T23:49:19Z,10.87
2025-06-14T23:49:20Z,10.85
2025-06-14T23:49:21Z,10.85
2025-06-14T23:49:22Z,10.86
2025-06-14T23:49:23Z,10.86
2025-06-14T23:49:24Z,10.87
2025-06-14T23:49:25Z,10.77
2025-06-14T23:49:28Z,9.53
2025-06-14T23:49:29Z,7.14
2025-06-14T23:49:30Z,5.10
2025-06-14T23:49:31Z,4.48
2025-06-14T23:49:32Z,4.71
2025-06-14T23:49:34Z,5.01
2025-06-14T23:49:35Z,5.30
2025-06-14T23:49:36Z,5.31
2025-06-14T23:49:38Z,5.35
2025-06-14T23:49:39Z,5.33
2025-06-14T23:49:40Z,5.36
2025-06-14T23:49:41Z,5.41
2025-06-14T23:49:42Z,5.49
2025-06-14T23:49:43Z,5.44
2025-06-14T23:49:44Z,5.36
2025-06-14T23:49:45Z,5.29
2025-06-14T23:49:46Z,4.86
2025-06-14T23:49:47Z,4.89
2025-06-14T23:49:48Z,4.80
2025-06-14T23:49:49Z,4.79
2025-06-14T23:49:50Z,4.84
2025-06-14T23:49:51Z,4.90
2025-06-14T23:49:52Z,5.04
2025-06-14T23:49:53Z,5.17
2025-06-14T23:49:54Z,5.22
2025-06-14T23:49:55Z,5.26
2025-06-14T23:49:56Z,5.28
2025-06-14T23:49:57Z,5.28
2025-06-14T23:49:58Z,5.27
2025-06-14T23:49:59Z,5.26
2025-06-14T23:50:00Z,5.27
2025-06-14T23:50:01Z,5.27
2025-06-14T23:50:02Z,5.27
2025-06-14T23:50:03Z,5.27
2025-06-14T23:50:04Z,5.28
2025-06-14T23:50:05Z,5.29
2025-06-14T23:50:06Z,5.28
2025-06-14T23:50:07Z,5.29
2025-06-14T23:50:08Z,5.31
2025-06-14T23:50:09Z,5.31
2025-06-14T23:50:10Z,5.30
2025-06-14T23:50:11Z,5.31
2025-06-14T23:50:12Z,5.31
2025-06-14T23:50:13Z,5.31
2025-06-14T23:50:14Z,5.32
2025-06-14T23:50:15Z,5.34
2025-06-14T23:50:18Z,5.34
2025-06-14T23:50:19Z,5.34
2025-06-14T23:50:21Z,5.36
2025-06-14T23:50:22Z,5.54
2025-06-14T23:50:23Z,5.52
2025-06-14T23:50:24Z,5.49
2025-06-14T23:50:25Z,5.40
2025-06-14T23:50:26Z,5.44
2025-06-14T23:50:27Z,5.54
2025-06-14T23:50:28Z,4.98
2025-06-14T23:50:29Z,5.45
2025-06-14T23:50:31Z,5.29
2025-06-14T23:50:32Z,5.41
2025-06-14T23:50:33Z,5.44
2025-06-14T23:50:34Z,5.24
2025-06-14T23:50:35Z,5.33
2025-06-14T23:50:36Z,5.60
2025-06-14T23:50:37Z,5.64
2025-06-14T23:50:38Z,5.38
2025-06-14T23:50:39Z,5.36
2025-06-14T23:50:40Z,5.39
2025-06-14T23:50:41Z,5.50
2025-06-14T23:50:42Z,5.63
2025-06-14T23:50:43Z,5.64
2025-06-14T23:50:44Z,5.65
2025-06-14T23:50:45Z,5.66
2025-06-14T23:50:46Z,5.52
2025-06-14T23:50:47Z,5.54
2025-06-14T23:50:48Z,5.41
2025-06-14T23:50:49Z,5.53
2025-06-14T23:50:50Z,5.47
2025-06-14T23:50:51Z,5.49
2025-06-14T23:50:52Z,5.54
2025-06-14T23:50:53Z,5.60
2025-06-14T23:50:54Z,5.71
2025-06-14T23:50:55Z,5.71
2025-06-14T23:50:56Z,5.71
2025-06-14T23:50:57Z,5.49
2025-06-14T23:50:58Z,5.52
2025-06-14T23:50:59Z,5.58
2025-06-14T23:51:00Z,5.57
2025-06-14T23:51:01Z,5.59
2025-06-14T23:51:02Z,5.62
2025-06-14T23:51:03Z,5.77
2025-06-14T23:51:04Z,5.67
2025-06-14T23:51:05Z,5.69
2025-06-14T23:51:06Z,5.70
2025-06-14T23:51:07Z,5.75
2025-06-14T23:51:08Z,5.72
2025-06-14T23:51:09Z,5.65
2025-06-14T23:51:10Z,5.74
2025-06-14T23:51:11Z,5.73
2025-06-14T23:51:12Z,5.81
2025-06-14T23:51:13Z,5.77
2025-06-14T23:51:14Z,5.72
2025-06-14T23:51:15Z,5.74
2025-06-14T23:51:16Z,5.84
2025-06-14T23:51:17Z,6.01
2025-06-14T23:51:18Z,5.64
2025-06-14T23:51:19Z,5.75
2025-06-14T23:51:20Z,5.85
2025-06-14T23:51:21Z,6.00
2025-06-14T23:51:22Z,5.81
2025-06-14T23:51:24Z,5.19
2025-06-14T23:51:25Z,4.99
2025-06-14T23:51:26Z,4.95
2025-06-14T23:51:27Z,4.81
2025-06-14T23:51:28Z,4.80
2025-06-14T23:51:29Z,4.87
2025-06-14T23:51:30Z,4.99
2025-06-14T23:51:31Z,5.44
2025-06-14T23:51:32Z,5.64
2025-06-14T23:51:33Z,5.76
2025-06-14T23:51:34Z,5.56
2025-06-14T23:51:35Z,5.71
2025-06-14T23:51:36Z,5.91
2025-06-14T23:51:37Z,5.90
2025-06-14T23:51:38Z,5.87
2025-06-14T23:51:39Z,5.79
2025-06-14T23:51:40Z,5.72
2025-06-14T23:51:41Z,5.74
2025-06-14T23:51:42Z,5.70
2025-06-14T23:51:43Z,5.54
2025-06-14T23:51:44Z,5.55
2025-06-14T23:51:45Z,5.67
2025-06-14T23:51:46Z,5.77
2025-06-14T23:51:48Z,5.71
2025-06-14T23:51:49Z,5.75
2025-06-14T23:51:50Z,5.77
2025-06-14T23:51:51Z,5.61
2025-06-14T23:51:52Z,5.64
2025-06-14T23:51:53Z,5.70
2025-06-14T23:51:54Z,5.70
2025-06-14T23:51:55Z,5.71
2025-06-14T23:51:56Z,5.70
2025-06-14T23:51:57Z,5.70
2025-06-14T23:51:58Z,5.72
2025-06-14T23:51:59Z,5.74
2025-06-14T23:52:00Z,5.87
2025-06-14T23:52:01Z,5.78
2025-06-14T23:52:02Z,5.70
2025-06-14T23:52:03Z,5.72
2025-06-14T23:52:04Z,5.81
2025-06-14T23:52:05Z,5.86
2025-06-14T23:52:06Z,5.80
2025-06-14T23:52:07Z,5.63
2025-06-14T23:52:08Z,5.70
2025-06-14T23:52:09Z,5.69
2025-06-14T23:52:10Z,5.70
2025-06-14T23:52:11Z,5.70
2025-06-14T23:52:12Z,5.69
2025-06-14T23:52:13Z,5.75
2025-06-14T23:52:14Z,5.63
2025-06-14T23:52:15Z,5.63
2025-06-14T23:52:16Z,5.66
2025-06-14T23:52:18Z,5.74
2025-06-14T23:52:19Z,5.83
2025-06-14T23:52:20Z,5.81
2025-06-14T23:52:21Z,5.84
2025-06-14T23:52:22Z,5.83
2025-06-14T23:52:23Z,5.83
2025-06-14T23:52:24Z,5.84
2025-06-14T23:52:25Z,5.87
2025-06-14T23:52:26Z,5.73
2025-06-14T23:52:27Z,5.77
2025-06-14T23:52:28Z,5.67
2025-06-14T23:52:29Z,5.72
2025-06-14T23:52:30Z,5.80
2025-06-14T23:52:31Z,5.81
2025-06-14T23:52:32Z,5.80
2025-06-14T23:52:33Z,5.78
2025-06-14T23:52:34Z,5.75
2025-06-14T23:52:35Z,5.75
2025-06-14T23:52:36Z,5.76
2025-06-14T23:52:37Z,5.67
2025-06-14T23:52:38Z,5.65
2025-06-14T23:52:39Z,5.60
2025-06-14T23:52:40Z,5.60
2025-06-14T23:52:41Z,5.57
2025-06-14T23:52:42Z,5.62
2025-06-14T23:52:43Z,5.49
2025-06-14T23:52:44Z,5.58
2025-06-14T23:52:45Z,5.63
2025-06-14T23:52:46Z,5.66
2025-06-14T23:52:47Z,5.68
2025-06-14T23:52:48Z,5.72
2025-06-14T23:52:49Z,5.38
2025-06-14T23:52:50Z,5.70
2025-06-14T23:52:51Z,5.77
2025-06-14T23:52:52Z,5.63
2025-06-14T23:52:53Z,5.64
2025-06-14T23:52:54Z,5.67
2025-06-14T23:52:55Z,5.67
2025-06-14T23:52:56Z,5.69
2025-06-14T23:52:57Z,5.76
2025-06-14T23:52:58Z,5.85
2025-06-14T23:52:59Z,5.55
2025-06-14T23:53:00Z,5.67
2025-06-14T23:53:02Z,5.54
2025-06-14T23:53:03Z,5.77
2025-06-14T23:53:04Z,5.46
2025-06-14T23:53:05Z,5.78
2025-06-14T23:53:06Z,5.99
2025-06-14T23:53:07Z,7.13
2025-06-14T23:53:08Z,8.55
2025-06-14T23:53:09Z,9.46
2025-06-14T23:53:10Z,10.17
2025-06-14T23:53:11Z,10.56
2025-06-14T23:53:12Z,10.63
2025-06-14T23:53:13Z,10.65
2025-06-14T23:53:14Z,10.66
2025-06-14T23:53:15Z,10.69
2025-06-14T23:53:16Z,10.68
2025-06-14T23:53:17Z,10.71
2025-06-14T23:53:18Z,10.72
2025-06-14T23:53:19Z,10.67
2025-06-14T23:53:20Z,10.72
2025-06-14T23:53:21Z,10.70
2025-06-14T23:53:22Z,10.70
2025-06-14T23:53:23Z,10.73
2025-06-14T23:53:24Z,10.73
2025-06-14T23:53:25Z,10.77
2025-06-14T23:53:26Z,10.80
2025-06-14T23:53:27Z,10.87
2025-06-14T23:53:28Z,10.90
2025-06-14T23:53:29Z,10.92
2025-06-14T23:53:30Z,10.96
2025-06-14T23:53:31Z,10.96
2025-06-14T23:53:32Z,10.95
2025-06-14T23:53:33Z,10.98
2025-06-14T23:53:34Z,10.98
2025-06-14T23:53:35Z,10.98
2025-06-14T23:53:36Z,10.98
2025-06-14T23:53:37Z,11.02
2025-06-14T23:53:38Z,11.06
2025-06-14T23:53:39Z,11.05
2025-06-14T23:53:40Z,11.02
2025-06-14T23:53:41Z,10.99
2025-06-14T23:53:42Z,10.98
2025-06-14T23:53:43Z,10.94
2025-06-14T23:53:44Z,10.92
2025-06-14T23:53:45Z,10.92
2025-06-14T23:53:46Z,10.92
2025-06-14T23:53:47Z,10.96
2025-06-14T23:53:48Z,10.99
2025-06-14T23:53:49Z,10.99
2025-06-14T23:53:50Z,10.97
2025-06-14T23:53:51Z,10.99
2025-06-14T23:53:52Z,10.99
2025-06-14T23:53:53Z,10.99
2025-06-14T23:53:54Z,10.95
2025-06-14T23:53:55Z,10.99
2025-06-14T23:53:56Z,10.96
2025-06-14T23:53:57Z,10.96
2025-06-14T23:53:58Z,10.99
2025-06-14T23:53:59Z,10.99
2025-06-14T23:54:00Z,10.99
2025-06-14T23:54:01Z,11.01
2025-06-14T23:54:02Z,11.01
2025-06-14T23:54:03Z,11.00
2025-06-14T23:54:04Z,10.99
2025-06-14T23:54:05Z,11.00
2025-06-14T23:54:06Z,10.98
2025-06-14T23:54:07Z,10.98
2025-06-14T23:54:08Z,11.01
2025-06-14T23:54:09Z,10.97
2025-06-14T23:54:10Z,10.97
2025-06-14T23:54:11Z,10.95
2025-06-14T23:54:12Z,10.95
2025-06-14T23:54:13Z,10.93
2025-06-14T23:54:14Z,10.93
2025-06-14T23:54:15Z,10.95
2025-06-14T23:54:16Z,10.91
2025-06-14T23:54:17Z,10.87
2025-06-14T23:54:18Z,10.89
2025-06-14T23:54:19Z,10.90
2025-06-14T23:54:20Z,10.88
2025-06-14T23:54:21Z,10.86
2025-06-14T23:54:22Z,10.86
2025-06-14T23:54:23Z,10.88
2025-06-14T23:54:24Z,10.85
2025-06-14T23:54:25Z,10.83
2025-06-14T23:54:26Z,10.83
2025-06-14T23:54:27Z,10.87
2025-06-14T23:54:28Z,10.89
2025-06-14T23:54:29Z,10.93
2025-06-14T23:54:30Z,10.97
2025-06-14T23:54:31Z,10.97
2025-06-14T23:54:32Z,10.94
2025-06-14T23:54:33Z,10.92
2025-06-14T23:54:34Z,10.86
2025-06-14T23:54:35Z,10.85
2025-06-14T23:54:36Z,10.84
2025-06-14T23:54:37Z,10.81
2025-06-14T23:54:38Z,10.81
2025-06-14T23:54:39Z,10.83
2025-06-14T23:54:40Z,10.83
2025-06-14T23:54:41Z,10.83
2025-06-14T23:54:42Z,10.79
2025-06-14T23:54:43Z,10.77
2025-06-14T23:54:44Z,10.76
2025-06-14T23:54:45Z,10.73
2025-06-14T23:54:46Z,10.74
2025-06-14T23:54:47Z,10.79
2025-06-14T23:54:48Z,10.85
2025-06-14T23:54:49Z,10.84
2025-06-14T23:54:50Z,10.84
2025-06-14T23:54:51Z,10.86
2025-06-14T23:54:52Z,10.86
2025-06-14T23:54:53Z,10.83
2025-06-14T23:54:54Z,10.81
2025-06-14T23:54:55Z,10.81
2025-06-14T23:54:56Z,10.84
2025-06-14T23:54:57Z,10.85
2025-06-14T23:54:58Z,10.86
2025-06-14T23:54:59Z,10.88
2025-06-14T23:55:00Z,10.91
2025-06-14T23:55:01Z,10.92
2025-06-14T23:55:02Z,10.86
2025-06-14T23:55:03Z,10.83
2025-06-14T23:55:04Z,10.84
2025-06-14T23:55:05Z,10.78
2025-06-14T23:55:06Z,10.81
2025-06-14T23:55:07Z,10.82
2025-06-14T23:55:08Z,10.84
2025-06-14T23:55:09Z,10.85
2025-06-14T23:55:10Z,10.84
2025-06-14T23:55:11Z,10.82
2025-06-14T23:55:12Z,10.79
2025-06-14T23:55:13Z,10.77
2025-06-14T23:55:14Z,10.77
2025-06-14T23:55:15Z,10.75
2025-06-14T23:55:16Z,10.71
2025-06-14T23:55:17Z,10.69
2025-06-14T23:55:19Z,10.69
2025-06-14T23:55:20Z,10.44
2025-06-14T23:55:22Z,8.81
2025-06-14T23:55:23Z,7.29
2025-06-14T23:55:24Z,6.34
2025-06-14T23:55:25Z,5.85
2025-06-14T23:55:26Z,5.62
2025-06-14T23:55:27Z,5.59
2025-06-14T23:55:28Z,5.55
2025-06-14T23:55:29Z,5.55
2025-06-14T23:55:30Z,5.56
2025-06-14T23:55:31Z,5.58
2025-06-14T23:55:32Z,5.58
2025-06-14T23:55:33Z,5.59
2025-06-14T23:55:34Z,5.59
2025-06-14T23:55:35Z,5.60
2025-06-14T23:55:36Z,5.58
2025-06-14T23:55:37Z,5.58
2025-06-14T23:55:38Z,5.60
2025-06-14T23:55:39Z,5.60
2025-06-14T23:55:40Z,5.57
2025-06-14T23:55:41Z,5.56
2025-06-14T23:55:42Z,5.57
2025-06-14T23:55:43Z,5.57
2025-06-14T23:55:44Z,5.58
2025-06-14T23:55:46Z,5.55
2025-06-14T23:55:47Z,5.51
2025-06-14T23:55:48Z,5.48
2025-06-14T23:55:49Z,5.47
2025-06-14T23:55:50Z,5.45
2025-06-14T23:55:51Z,5.41
2025-06-14T23:55:52Z,5.40
2025-06-14T23:55:53Z,5.40
2025-06-14T23:55:54Z,5.46
2025-06-14T23:55:55Z,5.50
2025-06-14T23:55:56Z,5.45
2025-06-14T23:55:57Z,5.53
2025-06-14T23:55:58Z,5.50
2025-06-14T23:55:59Z,5.52
2025-06-14T23:56:00Z,5.52
2025-06-14T23:56:01Z,5.41
2025-06-14T23:56:02Z,5.18
2025-06-14T23:56:03Z,5.24
2025-06-14T23:56:05Z,5.28
2025-06-14T23:56:06Z,5.23
2025-06-14T23:56:07Z,5.17
2025-06-14T23:56:08Z,5.16
2025-06-14T23:56:09Z,5.22
2025-06-14T23:56:10Z,5.24
2025-06-14T23:56:11Z,5.22
2025-06-14T23:56:12Z,5.25
2025-06-14T23:56:13Z,5.31
2025-06-14T23:56:14Z,5.44
2025-06-14T23:56:15Z,5.49
2025-06-14T23:56:16Z,5.49
2025-06-14T23:56:17Z,5.42
2025-06-14T23:56:18Z,5.36
2025-06-14T23:56:19Z,5.34
2025-06-14T23:56:20Z,5.32
2025-06-14T23:56:21Z,5.30
2025-06-14T23:56:22Z,5.30
2025-06-14T23:56:23Z,5.30
2025-06-14T23:56:24Z,5.29
2025-06-14T23:56:25Z,5.27
2025-06-14T23:56:26Z,5.27
2025-06-14T23:56:27Z,5.26
2025-06-14T23:56:28Z,5.27
2025-06-14T23:56:29Z,5.28
2025-06-14T23:56:30Z,5.28
2025-06-14T23:56:31Z,5.27
2025-06-14T23:56:32Z,5.27
2025-06-14T23:56:33Z,5.28
2025-06-14T23:56:34Z,5.27
2025-06-14T23:56:35Z,5.41
2025-06-14T23:56:36Z,5.38
2025-06-14T23:56:37Z,5.38
2025-06-14T23:56:38Z,5.39
2025-06-14T23:56:39Z,5.40
2025-06-14T23:56:40Z,5.39
2025-06-14T23:56:41Z,5.30
2025-06-14T23:56:42Z,5.24
2025-06-14T23:56:43Z,5.28
2025-06-14T23:56:44Z,5.30
2025-06-14T23:56:45Z,5.32
2025-06-14T23:56:46Z,5.34
2025-06-14T23:56:47Z,5.36
2025-06-14T23:56:48Z,5.39
2025-06-14T23:56:49Z,5.41
2025-06-14T23:56:50Z,5.43
2025-06-14T23:56:51Z,5.43
2025-06-14T23:56:52Z,5.44
2025-06-14T23:56:53Z,5.73
2025-06-14T23:56:54Z,6.04
2025-06-14T23:56:55Z,6.72
2025-06-14T23:56:56Z,8.25
2025-06-14T23:56:57Z,9.48
2025-06-14T23:56:58Z,9.98
2025-06-14T23:56:59Z,10.29
2025-06-14T23:57:00Z,10.34
2025-06-14T23:57:01Z,10.40
2025-06-14T23:57:02Z,10.45
2025-06-14T23:57:03Z,10.44
2025-06-14T23:57:04Z,10.43
2025-06-14T23:57:05Z,10.45
2025-06-14T23:57:06Z,10.45
2025-06-14T23:57:07Z,10.44
2025-06-14T23:57:08Z,10.44
2025-06-14T23:57:09Z,10.49
2025-06-14T23:57:10Z,10.49
2025-06-14T23:57:11Z,10.50
2025-06-14T23:57:12Z,10.55
2025-06-14T23:57:13Z,10.52
2025-06-14T23:57:14Z,10.50
2025-06-14T23:57:15Z,10.48
2025-06-14T23:57:16Z,10.48
2025-06-14T23:57:17Z,10.45
2025-06-14T23:57:18Z,10.48
2025-06-14T23:57:19Z,10.52
2025-06-14T23:57:20Z,10.54
2025-06-14T23:57:21Z,10.57
2025-06-14T23:57:22Z,10.58
2025-06-14T23:57:23Z,10.59
2025-06-14T23:57:24Z,10.57
2025-06-14T23:57:25Z,10.57
2025-06-14T23:57:26Z,10.57
2025-06-14T23:57:27Z,10.58
2025-06-14T23:57:28Z,10.61
2025-06-14T23:57:29Z,10.61
2025-06-14T23:57:30Z,10.60
2025-06-14T23:57:31Z,10.65
2025-06-14T23:57:32Z,10.69
2025-06-14T23:57:33Z,10.70
2025-06-14T23:57:34Z,10.71
2025-06-14T23:57:35Z,10.71
2025-06-14T23:57:36Z,10.71
2025-06-14T23:57:37Z,10.72
2025-06-14T23:57:38Z,10.69
2025-06-14T23:57:39Z,10.69
2025-06-14T23:57:40Z,10.70
2025-06-14T23:57:41Z,10.75
2025-06-14T23:57:42Z,10.74
2025-06-14T23:57:43Z,10.71
2025-06-14T23:57:44Z,10.71
2025-06-14T23:57:45Z,10.75
2025-06-14T23:57:46Z,10.77
2025-06-14T23:57:47Z,10.78
2025-06-14T23:57:48Z,10.81
2025-06-14T23:57:49Z,10.81
2025-06-14T23:57:50Z,10.82
2025-06-14T23:57:51Z,10.78
2025-06-14T23:57:52Z,10.77
2025-06-14T23:57:53Z,10.80
2025-06-14T23:57:54Z,10.81
2025-06-14T23:57:55Z,10.85
2025-06-14T23:57:56Z,10.85
2025-06-14T23:57:57Z,10.86
2025-06-14T23:57:58Z,10.85
2025-06-14T23:57:59Z,10.81
2025-06-14T23:58:00Z,10.78
2025-06-14T23:58:01Z,10.75
2025-06-14T23:58:02Z,10.74
2025-06-14T23:58:03Z,10.71
2025-06-14T23:58:04Z,10.68
2025-06-14T23:58:05Z,10.66
2025-06-14T23:58:06Z,10.68
2025-06-14T23:58:07Z,10.68
2025-06-14T23:58:08Z,10.73
2025-06-14T23:58:09Z,10.81
2025-06-14T23:58:10Z,10.84
2025-06-14T23:58:11Z,10.88
2025-06-14T23:58:12Z,10.86
2025-06-14T23:58:13Z,10.89
2025-06-14T23:58:14Z,10.83
2025-06-14T23:58:15Z,10.77
2025-06-14T23:58:16Z,10.77
2025-06-14T23:58:17Z,10.75
2025-06-14T23:58:18Z,10.78
2025-06-14T23:58:19Z,10.82
2025-06-14T23:58:20Z,10.90
2025-06-14T23:58:21Z,10.94
2025-06-14T23:58:22Z,10.95
2025-06-14T23:58:23Z,10.93
2025-06-14T23:58:24Z,10.93
2025-06-14T23:58:25Z,10.96
2025-06-14T23:58:26Z,10.95
2025-06-14T23:58:27Z,10.95
2025-06-14T23:58:28Z,10.99
2025-06-14T23:58:29Z,11.01
2025-06-14T23:58:30Z,10.98
2025-06-14T23:58:31Z,11.01
2025-06-14T23:58:32Z,11.00
2025-06-14T23:58:33Z,11.01
2025-06-14T23:58:34Z,10.98
2025-06-14T23:58:35Z,11.02
2025-06-14T23:58:36Z,11.03
2025-06-14T23:58:37Z,11.00
2025-06-14T23:58:38Z,11.04
2025-06-14T23:58:39Z,11.10
2025-06-14T23:58:40Z,11.07
2025-06-14T23:58:41Z,11.05
2025-06-14T23:58:42Z,11.05
2025-06-14T23:58:43Z,11.05
2025-06-14T23:58:44Z,11.05
2025-06-14T23:58:45Z,11.01
2025-06-14T23:58:46Z,11.04
2025-06-14T23:58:47Z,11.04
2025-06-14T23:58:48Z,11.03
2025-06-14T23:58:49Z,11.05
2025-06-14T23:58:50Z,11.05
2025-06-14T23:58:51Z,11.07
2025-06-14T23:58:52Z,11.08
2025-06-14T23:58:53Z,11.11
2025-06-14T23:58:54Z,11.13
2025-06-14T23:58:55Z,11.14
2025-06-14T23:58:56Z,11.14
2025-06-14T23:58:57Z,11.13
2025-06-14T23:58:58Z,11.13
2025-06-14T23:58:59Z,11.10
2025-06-14T23:59:00Z,11.04
2025-06-14T23:59:02Z,10.49
2025-06-14T23:59:03Z,9.20
2025-06-14T23:59:04Z,8.18
2025-06-14T23:59:05Z,7.27
2025-06-14T23:59:06Z,6.44
2025-06-14T23:59:07Z,5.95
2025-06-14T23:59:08Z,5.45
2025-06-14T23:59:09Z,5.50
2025-06-14T23:59:11Z,5.29
2025-06-14T23:59:12Z,5.05
2025-06-14T23:59:13Z,5.13
2025-06-14T23:59:14Z,5.10
2025-06-14T23:59:15Z,5.15
2025-06-14T23:59:16Z,5.20
2025-06-14T23:59:17Z,5.26
2025-06-14T23:59:18Z,5.46
2025-06-14T23:59:19Z,5.53
2025-06-14T23:59:20Z,5.57
2025-06-14T23:59:21Z,5.49
2025-06-14T23:59:22Z,5.52
2025-06-14T23:59:23Z,5.45
2025-06-14T23:59:24Z,5.58
2025-06-14T23:59:25Z,5.53
2025-06-14T23:59:26Z,5.54
2025-06-14T23:59:27Z,5.52
2025-06-14T23:59:28Z,5.58
2025-06-14T23:59:30Z,5.47
2025-06-14T23:59:31Z,5.53
2025-06-14T23:59:32Z,5.57
2025-06-14T23:59:33Z,5.46
2025-06-14T23:59:34Z,5.50
2025-06-14T23:59:35Z,5.33
2025-06-14T23:59:36Z,5.67
2025-06-14T23:59:37Z,5.54
2025-06-14T23:59:38Z,5.56
2025-06-14T23:59:39Z,5.65
2025-06-14T23:59:40Z,5.74
2025-06-14T23:59:41Z,5.34
2025-06-14T23:59:42Z,5.44
2025-06-14T23:59:43Z,5.35
2025-06-14T23:59:44Z,5.72
2025-06-14T23:59:45Z,5.73
2025-06-14T23:59:46Z,5.86
2025-06-14T23:59:47Z,5.79
2025-06-14T23:59:48Z,5.89
2025-06-14T23:59:49Z,5.93
2025-06-14T23:59:50Z,5.85
2025-06-14T23:59:51Z,5.66
2025-06-14T23:59:52Z,5.67
2025-06-14T23:59:53Z,5.35
2025-06-14T23:59:54Z,5.76
2025-06-14T23:59:55Z,5.76
2025-06-14T23:59:56Z,5.61
2025-06-14T23:59:57Z,5.61
2025-06-14T23:59:58Z,5.98
2025-06-14T23:59:59Z,5.71
